Terminals unused in grammar

    TOK_HELPERHEADER
    TOK_HELPERCODE
    TOK_INT8
    TOK_INT16
    TOK_INT32
    TOK_INT64
    TOK_UINT8
    TOK_UINT16
    TOK_UINT32
    TOK_UINT64
    TOK_ATTR_ALSO
    TOK_HELPER
    TOK_PAC_TYPEOF


Grammar

    0 $accept: decls $end

    1 decls: ε
    2      | decls decl optsemicolon

    3 decl: decl_with_attr optattrs
    4     | decl_without_attr

    5 $@1: ε

    6 decl_with_attr: TOK_TYPE tok_id $@1 optparams '=' type

    7 $@2: ε

    8 decl_with_attr: TOK_LET tok_id $@2 opttype optinit
    9               | TOK_FUNCTION function

   10 $@3: ε

   11 decl_with_attr: TOK_ENUM tok_id $@3 '{' enumlist '}'

   12 $@4: ε

   13 decl_with_attr: TOK_EXTERN TOK_TYPE tok_id $@4

   14 $@5: ε

   15 decl_with_attr: TOK_ANALYZER tok_id $@5 TOK_WITHCONTEXT analyzercontext

   16 $@6: ε

   17 decl_with_attr: TOK_ANALYZER tok_id $@6 optparams '{' conn '}'

   18 $@7: ε

   19 decl_with_attr: TOK_CONNECTION tok_id $@7 optparams '{' conn '}'

   20 $@8: ε

   21 decl_with_attr: TOK_FLOW tok_id $@8 optparams '{' flow '}'
   22               | TOK_REFINE TOK_CASETYPE tok_id TOK_PLUSEQ '{' casefieldlist '}'
   23               | TOK_REFINE TOK_CASEFUNC tok_id TOK_PLUSEQ '{' caseexprlist '}'
   24               | TOK_REFINE TOK_ANALYZER tok_id TOK_PLUSEQ '{' sahlist '}'
   25               | TOK_REFINE TOK_CONNECTION tok_id TOK_PLUSEQ '{' sahlist '}'
   26               | TOK_REFINE TOK_FLOW tok_id TOK_PLUSEQ '{' sahlist '}'

   27 decl_without_attr: TOK_LPB_HEADER embedded_code TOK_RPB
   28                  | TOK_LPB_CODE embedded_code TOK_RPB
   29                  | TOK_LPB_EXTERN embedded_code TOK_RPB
   30                  | TOK_REFINE TOK_TYPEATTR tok_id TOK_PLUSEQ attrlist

   31 optsemicolon: ε
   32             | ';'

   33 tok_id: TOK_ID
   34       | TOK_CONNECTION
   35       | TOK_ANALYZER
   36       | TOK_FLOW
   37       | TOK_FUNCTION
   38       | TOK_TYPE

   39 analyzercontext: '{' contextfieldlist '}'

   40 contextfieldlist: contextfieldlist contextfield ';'
   41                 | ε

   42 contextfield: tok_id ':' type1

   43 funcproto: tok_id '(' paramlist ')' ':' type2

   44 function: funcproto '=' expr
   45         | funcproto TOK_LPB embedded_code TOK_RPB
   46         | funcproto ';'

   47 optparams: '(' paramlist ')'
   48          | ε

   49 paramlist: paramlist ',' param
   50          | param
   51          | ε

   52 param: tok_id ':' type2

   53 optinit: ε
   54        | '=' expr

   55 opttype: ε
   56        | ':' type2

   57 type: type3

   58 type3: type2
   59      | TOK_RECORD '{' recordfieldlist '}'

   60 type2: type1
   61      | type1 '[' expr ']'
   62      | type1 '[' ']'
   63      | TOK_CASE caseindex TOK_OF '{' casefieldlist '}'

   64 type1: tok_id
   65      | tok_id '(' exprlist ')'
   66      | regex
   67      | cstr

   68 recordfieldlist: recordfieldlist recordfield ';'
   69                | ε

   70 recordfield: recordfield0 optattrs

   71 recordfield0: optfieldid type2
   72             | padding

   73 padding: optfieldid TOK_PADDING '[' expr ']'
   74        | optfieldid TOK_PADDING TOK_TO expr
   75        | optfieldid TOK_PADDING TOK_ALIGN expr

   76 optfieldid: tok_id ':'
   77           | ':'

   78 caseindex: expr

   79 casefieldlist: casefieldlist casefield ';'
   80              | ε

   81 casefield: casefield0 optattrs

   82 casefield0: exprlist TOK_RIGHTARROW tok_id ':' type2
   83           | TOK_DEFAULT TOK_RIGHTARROW tok_id ':' type2

   84 optexprlist: ε
   85            | exprlist

   86 exprlist: exprlist ',' expr
   87         | expr

   88 expr: tok_id
   89     | TOK_NUMBER
   90     | expr '[' expr ']'
   91     | expr '.' tok_id
   92     | TOK_SIZEOF '(' tok_id ')'
   93     | TOK_OFFSETOF '(' tok_id ')'
   94     | '(' expr ')'
   95     | expr '(' optexprlist ')'
   96     | '-' expr
   97     | expr '+' expr
   98     | expr '-' expr
   99     | expr '*' expr
  100     | expr '/' expr
  101     | expr '%' expr
  102     | '~' expr
  103     | expr '&' expr
  104     | expr '|' expr
  105     | expr '^' expr
  106     | expr TOK_LSHIFT expr
  107     | expr TOK_RSHIFT expr
  108     | expr TOK_EQUAL expr
  109     | expr TOK_NEQ expr
  110     | expr TOK_GE expr
  111     | expr TOK_LE expr
  112     | expr '>' expr
  113     | expr '<' expr
  114     | '!' expr
  115     | expr TOK_AND expr
  116     | expr TOK_OR expr
  117     | expr '?' expr ':' expr
  118     | TOK_CASE expr TOK_OF '{' caseexprlist '}'
  119     | cstr
  120     | regex

  121 cstr: TOK_STRING

  122 regex: TOK_BEGIN_RE TOK_REGEX TOK_END_RE

  123 caseexprlist: ε
  124             | caseexprlist caseexpr ';'

  125 caseexpr: exprlist TOK_RIGHTARROW expr
  126         | TOK_DEFAULT TOK_RIGHTARROW expr

  127 enumlist: enumlist1
  128         | enumlist1 ','

  129 enumlist1: enumlist1 ',' enumitem
  130          | enumitem

  131 enumitem: tok_id
  132         | tok_id '=' expr

  133 conn: sahlist

  134 flow: sahlist

  135 sahlist: ε
  136        | sahlist sah

  137 sah: TOK_LPB_MEMBER embedded_code TOK_RPB
  138    | TOK_LPB_INIT embedded_code TOK_RPB
  139    | TOK_LPB_CLEANUP embedded_code TOK_RPB
  140    | TOK_LPB_EOF embedded_code TOK_RPB
  141    | TOK_FLOWDIR '=' tok_id optargs ';'
  142    | TOK_DATAUNIT '=' tok_id optargs TOK_WITHCONTEXT '(' optexprlist ')' ';'
  143    | TOK_FUNCTION function
  144    | TOK_STATE '{' statevarlist '}'
  145    | TOK_ACTION tok_id TOK_WHEN '(' actionparam ')' TOK_LPB embedded_code TOK_RPB

  146 statevarlist: ε
  147             | statevarlist statevar ';'

  148 statevar: tok_id ':' type1

  149 actionparam: tok_id TOK_LE actionparamtype

  150 actionparamtype: tok_id
  151                | tok_id '.' tok_id

  152 embedded_code: ε
  153              | embedded_code TOK_EMBEDDED_ATOM
  154              | embedded_code TOK_EMBEDDED_STRING
  155              | embedded_code embedded_pac_primitive

  156 embedded_pac_primitive: TOK_PAC_VAL expr TOK_END_PAC
  157                       | TOK_PAC_SET expr TOK_END_PAC
  158                       | TOK_PAC_TYPE expr TOK_END_PAC
  159                       | TOK_PAC_CONST_DEF tok_id '=' expr TOK_END_PAC

  160 optargs: ε
  161        | '(' optexprlist ')'

  162 letfieldlist: letfieldlist letfield ';'
  163             | letfieldlist withinputfield ';'
  164             | ε

  165 letfield: tok_id opttype optinit optattrs

  166 withinputfield: tok_id ':' type1 TOK_WITHINPUT input optattrs

  167 input: expr

  168 optattrs: ε
  169         | attrlist

  170 attrlist: attrlist optcomma attr
  171         | attr

  172 optcomma: ε
  173         | ','

  174 attr: TOK_ATTR_BYTEORDER '=' expr
  175     | TOK_ATTR_CHECK expr
  176     | TOK_ATTR_CHUNKED
  177     | TOK_ATTR_ENFORCE expr
  178     | TOK_ATTR_EXPORTSOURCEDATA
  179     | TOK_ATTR_IF expr
  180     | TOK_ATTR_LENGTH '=' expr
  181     | TOK_ATTR_LET '{' letfieldlist '}'
  182     | TOK_ATTR_LINEBREAKER '=' expr
  183     | TOK_ATTR_MULTILINE '(' expr ')'
  184     | TOK_ATTR_ONELINE optlinebreaker
  185     | TOK_ATTR_REFCOUNT
  186     | TOK_ATTR_REQUIRES '(' optexprlist ')'
  187     | TOK_ATTR_RESTOFDATA
  188     | TOK_ATTR_RESTOFFLOW
  189     | TOK_ATTR_TRANSIENT
  190     | TOK_ATTR_UNTIL expr

  191 optlinebreaker: ε
  192               | '(' expr ')'


Terminals, with rules where they appear

    $end (0) 0
    '!' (33) 114
    '%' (37) 101
    '&' (38) 103
    '(' (40) 43 47 65 92 93 94 95 142 145 161 183 186 192
    ')' (41) 43 47 65 92 93 94 95 142 145 161 183 186 192
    '*' (42) 99
    '+' (43) 97
    ',' (44) 49 86 128 129 173
    '-' (45) 96 98
    '.' (46) 91 151
    '/' (47) 100
    ':' (58) 42 43 52 56 76 77 82 83 117 148 166
    ';' (59) 32 40 46 68 79 124 141 142 147 162 163
    '<' (60) 113
    '=' (61) 6 44 54 132 141 142 159 174 180 182
    '>' (62) 112
    '?' (63) 117
    '[' (91) 61 62 73 90
    ']' (93) 61 62 73 90
    '^' (94) 105
    '{' (123) 11 17 19 21 22 23 24 25 26 39 59 63 118 144 181
    '|' (124) 104
    '}' (125) 11 17 19 21 22 23 24 25 26 39 59 63 118 144 181
    '~' (126) 102
    error (256)
    TOK_TYPE (258) 6 13 38
    TOK_RECORD (259) 59
    TOK_CASE (260) 63 118
    TOK_ENUM (261) 11
    TOK_LET (262) 8
    TOK_FUNCTION (263) 9 37 143
    TOK_REFINE (264) 22 23 24 25 26 30
    TOK_CASEFUNC (265) 23
    TOK_CASETYPE (266) 22
    TOK_TYPEATTR (267) 30
    TOK_HELPERHEADER (268)
    TOK_HELPERCODE (269)
    TOK_RIGHTARROW (270) 82 83 125 126
    TOK_DEFAULT (271) 83 126
    TOK_OF (272) 63 118
    TOK_PADDING (273) 73 74 75
    TOK_TO (274) 74
    TOK_ALIGN (275) 75
    TOK_WITHINPUT (276) 166
    TOK_INT8 (277)
    TOK_INT16 (278)
    TOK_INT32 (279)
    TOK_INT64 (280)
    TOK_UINT8 (281)
    TOK_UINT16 (282)
    TOK_UINT32 (283)
    TOK_UINT64 (284)
    TOK_ID <id> (285) 33
    TOK_NUMBER <num> (286) 89
    TOK_REGEX <str> (287) 122
    TOK_STRING <str> (288) 121
    TOK_BEGIN_RE (289) 122
    TOK_END_RE (290) 122
    TOK_ATTR_ALSO (291)
    TOK_ATTR_BYTEORDER (292) 174
    TOK_ATTR_CHECK (293) 175
    TOK_ATTR_CHUNKED (294) 176
    TOK_ATTR_ENFORCE (295) 177
    TOK_ATTR_EXPORTSOURCEDATA (296) 178
    TOK_ATTR_IF (297) 179
    TOK_ATTR_LENGTH (298) 180
    TOK_ATTR_LET (299) 181
    TOK_ATTR_LINEBREAKER (300) 182
    TOK_ATTR_MULTILINE (301) 183
    TOK_ATTR_ONELINE (302) 184
    TOK_ATTR_REFCOUNT (303) 185
    TOK_ATTR_REQUIRES (304) 186
    TOK_ATTR_RESTOFDATA (305) 187
    TOK_ATTR_RESTOFFLOW (306) 188
    TOK_ATTR_TRANSIENT (307) 189
    TOK_ATTR_UNTIL (308) 190
    TOK_ANALYZER (309) 15 17 24 35
    TOK_CONNECTION (310) 19 25 34
    TOK_FLOW (311) 21 26 36
    TOK_STATE (312) 144
    TOK_ACTION (313) 145
    TOK_WHEN <val> (314) 145
    TOK_HELPER (315)
    TOK_DATAUNIT <val> (316) 142
    TOK_FLOWDIR <val> (317) 141
    TOK_WITHCONTEXT (318) 15 142
    TOK_LPB_EXTERN (319) 29
    TOK_LPB_HEADER (320) 27
    TOK_LPB_CODE (321) 28
    TOK_LPB_MEMBER (322) 137
    TOK_LPB_INIT (323) 138
    TOK_LPB_CLEANUP (324) 139
    TOK_LPB_EOF (325) 140
    TOK_LPB (326) 45 145
    TOK_RPB (327) 27 28 29 45 137 138 139 140 145
    TOK_EMBEDDED_ATOM <val> (328) 153
    TOK_EMBEDDED_STRING <str> (329) 154
    TOK_PAC_VAL (330) 156
    TOK_PAC_SET (331) 157
    TOK_PAC_TYPE (332) 158
    TOK_PAC_TYPEOF (333)
    TOK_PAC_CONST_DEF (334) 159
    TOK_END_PAC (335) 156 157 158 159
    TOK_EXTERN (336) 13
    TOK_PLUSEQ (337) 22 23 24 25 26 30
    TOK_OR (338) 116
    TOK_AND (339) 115
    TOK_EQUAL (340) 108
    TOK_NEQ (341) 109
    TOK_LE (342) 111 149
    TOK_GE (343) 110
    TOK_LSHIFT (344) 106
    TOK_RSHIFT (345) 107
    TOK_SIZEOF (346) 92
    TOK_OFFSETOF (347) 93


Nonterminals, with rules where they appear

    $accept (117)
        on left: 0
    decls (118)
        on left: 1 2
        on right: 0 2
    decl <decl> (119)
        on left: 3 4
        on right: 2
    decl_with_attr <decl> (120)
        on left: 6 8 9 11 13 15 17 19 21 22 23 24 25 26
        on right: 3
    $@1 (121)
        on left: 5
        on right: 6
    $@2 (122)
        on left: 7
        on right: 8
    $@3 (123)
        on left: 10
        on right: 11
    $@4 (124)
        on left: 12
        on right: 13
    $@5 (125)
        on left: 14
        on right: 15
    $@6 (126)
        on left: 16
        on right: 17
    $@7 (127)
        on left: 18
        on right: 19
    $@8 (128)
        on left: 20
        on right: 21
    decl_without_attr <decl> (129)
        on left: 27 28 29 30
        on right: 4
    optsemicolon (130)
        on left: 31 32
        on right: 2
    tok_id <id> (131)
        on left: 33 34 35 36 37 38
        on right: 6 8 11 13 15 17 19 21 22 23 24 25 26 30 42 43 52 64 65 76 82 83 88 91 92 93 131 132 141 142 145 148 149 150 151 159 165 166
    analyzercontext <contextfieldlist> (132)
        on left: 39
        on right: 15
    contextfieldlist <contextfieldlist> (133)
        on left: 40 41
        on right: 39 40
    contextfield <contextfield> (134)
        on left: 42
        on right: 40
    funcproto <function> (135)
        on left: 43
        on right: 44 45 46
    function <function> (136)
        on left: 44 45 46
        on right: 9 143
    optparams <paramlist> (137)
        on left: 47 48
        on right: 6 17 19 21
    paramlist <paramlist> (138)
        on left: 49 50 51
        on right: 43 47 49
    param <param> (139)
        on left: 52
        on right: 49 50
    optinit <expr> (140)
        on left: 53 54
        on right: 8 165
    opttype <type> (141)
        on left: 55 56
        on right: 8 165
    type <type> (142)
        on left: 57
        on right: 6
    type3 <type> (143)
        on left: 58 59
        on right: 57
    type2 <type> (144)
        on left: 60 61 62 63
        on right: 43 52 56 58 71 82 83
    type1 <type> (145)
        on left: 64 65 66 67
        on right: 42 60 61 62 148 166
    recordfieldlist <recordfieldlist> (146)
        on left: 68 69
        on right: 59 68
    recordfield <recordfield> (147)
        on left: 70
        on right: 68
    recordfield0 <recordfield> (148)
        on left: 71 72
        on right: 70
    padding <recordfield> (149)
        on left: 73 74 75
        on right: 72
    optfieldid <id> (150)
        on left: 76 77
        on right: 71 73 74 75
    caseindex <expr> (151)
        on left: 78
        on right: 63
    casefieldlist <casefieldlist> (152)
        on left: 79 80
        on right: 22 63 79
    casefield <casefield> (153)
        on left: 81
        on right: 79
    casefield0 <casefield> (154)
        on left: 82 83
        on right: 81
    optexprlist <exprlist> (155)
        on left: 84 85
        on right: 95 142 161 186
    exprlist <exprlist> (156)
        on left: 86 87
        on right: 65 82 85 86 125
    expr <expr> (157)
        on left: 88 89 90 91 92 93 94 95 96 97 98 99 100 101 102 103 104 105 106 107 108 109 110 111 112 113 114 115 116 117 118 119 120
        on right: 44 54 61 73 74 75 78 86 87 90 91 94 95 96 97 98 99 100 101 102 103 104 105 106 107 108 109 110 111 112 113 114 115 116 117 118 125 126 132 156 157 158 159 167 174 175 177 179 180 182 183 190 192
    cstr <cstr> (158)
        on left: 121
        on right: 67 119
    regex <regex> (159)
        on left: 122
        on right: 66 120
    caseexprlist <caseexprlist> (160)
        on left: 123 124
        on right: 23 118 124
    caseexpr <caseexpr> (161)
        on left: 125 126
        on right: 124
    enumlist <enumlist> (162)
        on left: 127 128
        on right: 11
    enumlist1 <enumlist> (163)
        on left: 129 130
        on right: 127 128 129
    enumitem <enumitem> (164)
        on left: 131 132
        on right: 129 130
    conn <aelemlist> (165)
        on left: 133
        on right: 17 19
    flow <aelemlist> (166)
        on left: 134
        on right: 21
    sahlist <aelemlist> (167)
        on left: 135 136
        on right: 24 25 26 133 134 136
    sah <aelem> (168)
        on left: 137 138 139 140 141 142 143 144 145
        on right: 136
    statevarlist <statevarlist> (169)
        on left: 146 147
        on right: 144 147
    statevar <statevar> (170)
        on left: 148
        on right: 147
    actionparam <actionparam> (171)
        on left: 149
        on right: 145
    actionparamtype <actionparamtype> (172)
        on left: 150 151
        on right: 149
    embedded_code <embedded_code> (173)
        on left: 152 153 154 155
        on right: 27 28 29 45 137 138 139 140 145 153 154 155
    embedded_pac_primitive <pacprimitive> (174)
        on left: 156 157 158 159
        on right: 155
    optargs <exprlist> (175)
        on left: 160 161
        on right: 141 142
    letfieldlist <fieldlist> (176)
        on left: 162 163 164
        on right: 162 163 181
    letfield <field> (177)
        on left: 165
        on right: 162
    withinputfield <field> (178)
        on left: 166
        on right: 163
    input <input> (179)
        on left: 167
        on right: 166
    optattrs <attrlist> (180)
        on left: 168 169
        on right: 3 70 81 165 166
    attrlist <attrlist> (181)
        on left: 170 171
        on right: 30 169 170
    optcomma (182)
        on left: 172 173
        on right: 170
    attr <attr> (183)
        on left: 174 175 176 177 178 179 180 181 182 183 184 185 186 187 188 189 190
        on right: 170 171
    optlinebreaker <expr> (184)
        on left: 191 192
        on right: 184


State 0

    0 $accept: • decls $end

    $default  reduce using rule 1 (decls)

    decls  go to state 1


State 1

    0 $accept: decls • $end
    2 decls: decls • decl optsemicolon

    $end            shift, and go to state 2
    TOK_TYPE        shift, and go to state 3
    TOK_ENUM        shift, and go to state 4
    TOK_LET         shift, and go to state 5
    TOK_FUNCTION    shift, and go to state 6
    TOK_REFINE      shift, and go to state 7
    TOK_ANALYZER    shift, and go to state 8
    TOK_CONNECTION  shift, and go to state 9
    TOK_FLOW        shift, and go to state 10
    TOK_LPB_EXTERN  shift, and go to state 11
    TOK_LPB_HEADER  shift, and go to state 12
    TOK_LPB_CODE    shift, and go to state 13
    TOK_EXTERN      shift, and go to state 14

    decl               go to state 15
    decl_with_attr     go to state 16
    decl_without_attr  go to state 17


State 2

    0 $accept: decls $end •

    $default  accept


State 3

    6 decl_with_attr: TOK_TYPE • tok_id $@1 optparams '=' type

    TOK_TYPE        shift, and go to state 18
    TOK_FUNCTION    shift, and go to state 19
    TOK_ID          shift, and go to state 20
    TOK_ANALYZER    shift, and go to state 21
    TOK_CONNECTION  shift, and go to state 22
    TOK_FLOW        shift, and go to state 23

    tok_id  go to state 24


State 4

   11 decl_with_attr: TOK_ENUM • tok_id $@3 '{' enumlist '}'

    TOK_TYPE        shift, and go to state 18
    TOK_FUNCTION    shift, and go to state 19
    TOK_ID          shift, and go to state 20
    TOK_ANALYZER    shift, and go to state 21
    TOK_CONNECTION  shift, and go to state 22
    TOK_FLOW        shift, and go to state 23

    tok_id  go to state 25


State 5

    8 decl_with_attr: TOK_LET • tok_id $@2 opttype optinit

    TOK_TYPE        shift, and go to state 18
    TOK_FUNCTION    shift, and go to state 19
    TOK_ID          shift, and go to state 20
    TOK_ANALYZER    shift, and go to state 21
    TOK_CONNECTION  shift, and go to state 22
    TOK_FLOW        shift, and go to state 23

    tok_id  go to state 26


State 6

    9 decl_with_attr: TOK_FUNCTION • function

    TOK_TYPE        shift, and go to state 18
    TOK_FUNCTION    shift, and go to state 19
    TOK_ID          shift, and go to state 20
    TOK_ANALYZER    shift, and go to state 21
    TOK_CONNECTION  shift, and go to state 22
    TOK_FLOW        shift, and go to state 23

    tok_id     go to state 27
    funcproto  go to state 28
    function   go to state 29


State 7

   22 decl_with_attr: TOK_REFINE • TOK_CASETYPE tok_id TOK_PLUSEQ '{' casefieldlist '}'
   23               | TOK_REFINE • TOK_CASEFUNC tok_id TOK_PLUSEQ '{' caseexprlist '}'
   24               | TOK_REFINE • TOK_ANALYZER tok_id TOK_PLUSEQ '{' sahlist '}'
   25               | TOK_REFINE • TOK_CONNECTION tok_id TOK_PLUSEQ '{' sahlist '}'
   26               | TOK_REFINE • TOK_FLOW tok_id TOK_PLUSEQ '{' sahlist '}'
   30 decl_without_attr: TOK_REFINE • TOK_TYPEATTR tok_id TOK_PLUSEQ attrlist

    TOK_CASEFUNC    shift, and go to state 30
    TOK_CASETYPE    shift, and go to state 31
    TOK_TYPEATTR    shift, and go to state 32
    TOK_ANALYZER    shift, and go to state 33
    TOK_CONNECTION  shift, and go to state 34
    TOK_FLOW        shift, and go to state 35


State 8

   15 decl_with_attr: TOK_ANALYZER • tok_id $@5 TOK_WITHCONTEXT analyzercontext
   17               | TOK_ANALYZER • tok_id $@6 optparams '{' conn '}'

    TOK_TYPE        shift, and go to state 18
    TOK_FUNCTION    shift, and go to state 19
    TOK_ID          shift, and go to state 20
    TOK_ANALYZER    shift, and go to state 21
    TOK_CONNECTION  shift, and go to state 22
    TOK_FLOW        shift, and go to state 23

    tok_id  go to state 36


State 9

   19 decl_with_attr: TOK_CONNECTION • tok_id $@7 optparams '{' conn '}'

    TOK_TYPE        shift, and go to state 18
    TOK_FUNCTION    shift, and go to state 19
    TOK_ID          shift, and go to state 20
    TOK_ANALYZER    shift, and go to state 21
    TOK_CONNECTION  shift, and go to state 22
    TOK_FLOW        shift, and go to state 23

    tok_id  go to state 37


State 10

   21 decl_with_attr: TOK_FLOW • tok_id $@8 optparams '{' flow '}'

    TOK_TYPE        shift, and go to state 18
    TOK_FUNCTION    shift, and go to state 19
    TOK_ID          shift, and go to state 20
    TOK_ANALYZER    shift, and go to state 21
    TOK_CONNECTION  shift, and go to state 22
    TOK_FLOW        shift, and go to state 23

    tok_id  go to state 38


State 11

   29 decl_without_attr: TOK_LPB_EXTERN • embedded_code TOK_RPB

    $default  reduce using rule 152 (embedded_code)

    embedded_code  go to state 39


State 12

   27 decl_without_attr: TOK_LPB_HEADER • embedded_code TOK_RPB

    $default  reduce using rule 152 (embedded_code)

    embedded_code  go to state 40


State 13

   28 decl_without_attr: TOK_LPB_CODE • embedded_code TOK_RPB

    $default  reduce using rule 152 (embedded_code)

    embedded_code  go to state 41


State 14

   13 decl_with_attr: TOK_EXTERN • TOK_TYPE tok_id $@4

    TOK_TYPE  shift, and go to state 42


State 15

    2 decls: decls decl • optsemicolon

    ';'  shift, and go to state 43

    $default  reduce using rule 31 (optsemicolon)

    optsemicolon  go to state 44


State 16

    3 decl: decl_with_attr • optattrs

    TOK_ATTR_BYTEORDER         shift, and go to state 45
    TOK_ATTR_CHECK             shift, and go to state 46
    TOK_ATTR_CHUNKED           shift, and go to state 47
    TOK_ATTR_ENFORCE           shift, and go to state 48
    TOK_ATTR_EXPORTSOURCEDATA  shift, and go to state 49
    TOK_ATTR_IF                shift, and go to state 50
    TOK_ATTR_LENGTH            shift, and go to state 51
    TOK_ATTR_LET               shift, and go to state 52
    TOK_ATTR_LINEBREAKER       shift, and go to state 53
    TOK_ATTR_MULTILINE         shift, and go to state 54
    TOK_ATTR_ONELINE           shift, and go to state 55
    TOK_ATTR_REFCOUNT          shift, and go to state 56
    TOK_ATTR_REQUIRES          shift, and go to state 57
    TOK_ATTR_RESTOFDATA        shift, and go to state 58
    TOK_ATTR_RESTOFFLOW        shift, and go to state 59
    TOK_ATTR_TRANSIENT         shift, and go to state 60
    TOK_ATTR_UNTIL             shift, and go to state 61

    $default  reduce using rule 168 (optattrs)

    optattrs  go to state 62
    attrlist  go to state 63
    attr      go to state 64


State 17

    4 decl: decl_without_attr •

    $default  reduce using rule 4 (decl)


State 18

   38 tok_id: TOK_TYPE •

    $default  reduce using rule 38 (tok_id)


State 19

   37 tok_id: TOK_FUNCTION •

    $default  reduce using rule 37 (tok_id)


State 20

   33 tok_id: TOK_ID •

    $default  reduce using rule 33 (tok_id)


State 21

   35 tok_id: TOK_ANALYZER •

    $default  reduce using rule 35 (tok_id)


State 22

   34 tok_id: TOK_CONNECTION •

    $default  reduce using rule 34 (tok_id)


State 23

   36 tok_id: TOK_FLOW •

    $default  reduce using rule 36 (tok_id)


State 24

    6 decl_with_attr: TOK_TYPE tok_id • $@1 optparams '=' type

    $default  reduce using rule 5 ($@1)

    $@1  go to state 65


State 25

   11 decl_with_attr: TOK_ENUM tok_id • $@3 '{' enumlist '}'

    $default  reduce using rule 10 ($@3)

    $@3  go to state 66


State 26

    8 decl_with_attr: TOK_LET tok_id • $@2 opttype optinit

    $default  reduce using rule 7 ($@2)

    $@2  go to state 67


State 27

   43 funcproto: tok_id • '(' paramlist ')' ':' type2

    '('  shift, and go to state 68


State 28

   44 function: funcproto • '=' expr
   45         | funcproto • TOK_LPB embedded_code TOK_RPB
   46         | funcproto • ';'

    TOK_LPB  shift, and go to state 69
    '='      shift, and go to state 70
    ';'      shift, and go to state 71


State 29

    9 decl_with_attr: TOK_FUNCTION function •

    $default  reduce using rule 9 (decl_with_attr)


State 30

   23 decl_with_attr: TOK_REFINE TOK_CASEFUNC • tok_id TOK_PLUSEQ '{' caseexprlist '}'

    TOK_TYPE        shift, and go to state 18
    TOK_FUNCTION    shift, and go to state 19
    TOK_ID          shift, and go to state 20
    TOK_ANALYZER    shift, and go to state 21
    TOK_CONNECTION  shift, and go to state 22
    TOK_FLOW        shift, and go to state 23

    tok_id  go to state 72


State 31

   22 decl_with_attr: TOK_REFINE TOK_CASETYPE • tok_id TOK_PLUSEQ '{' casefieldlist '}'

    TOK_TYPE        shift, and go to state 18
    TOK_FUNCTION    shift, and go to state 19
    TOK_ID          shift, and go to state 20
    TOK_ANALYZER    shift, and go to state 21
    TOK_CONNECTION  shift, and go to state 22
    TOK_FLOW        shift, and go to state 23

    tok_id  go to state 73


State 32

   30 decl_without_attr: TOK_REFINE TOK_TYPEATTR • tok_id TOK_PLUSEQ attrlist

    TOK_TYPE        shift, and go to state 18
    TOK_FUNCTION    shift, and go to state 19
    TOK_ID          shift, and go to state 20
    TOK_ANALYZER    shift, and go to state 21
    TOK_CONNECTION  shift, and go to state 22
    TOK_FLOW        shift, and go to state 23

    tok_id  go to state 74


State 33

   24 decl_with_attr: TOK_REFINE TOK_ANALYZER • tok_id TOK_PLUSEQ '{' sahlist '}'

    TOK_TYPE        shift, and go to state 18
    TOK_FUNCTION    shift, and go to state 19
    TOK_ID          shift, and go to state 20
    TOK_ANALYZER    shift, and go to state 21
    TOK_CONNECTION  shift, and go to state 22
    TOK_FLOW        shift, and go to state 23

    tok_id  go to state 75


State 34

   25 decl_with_attr: TOK_REFINE TOK_CONNECTION • tok_id TOK_PLUSEQ '{' sahlist '}'

    TOK_TYPE        shift, and go to state 18
    TOK_FUNCTION    shift, and go to state 19
    TOK_ID          shift, and go to state 20
    TOK_ANALYZER    shift, and go to state 21
    TOK_CONNECTION  shift, and go to state 22
    TOK_FLOW        shift, and go to state 23

    tok_id  go to state 76


State 35

   26 decl_with_attr: TOK_REFINE TOK_FLOW • tok_id TOK_PLUSEQ '{' sahlist '}'

    TOK_TYPE        shift, and go to state 18
    TOK_FUNCTION    shift, and go to state 19
    TOK_ID          shift, and go to state 20
    TOK_ANALYZER    shift, and go to state 21
    TOK_CONNECTION  shift, and go to state 22
    TOK_FLOW        shift, and go to state 23

    tok_id  go to state 77


State 36

   15 decl_with_attr: TOK_ANALYZER tok_id • $@5 TOK_WITHCONTEXT analyzercontext
   17               | TOK_ANALYZER tok_id • $@6 optparams '{' conn '}'

    TOK_WITHCONTEXT  reduce using rule 14 ($@5)
    $default         reduce using rule 16 ($@6)

    $@5  go to state 78
    $@6  go to state 79


State 37

   19 decl_with_attr: TOK_CONNECTION tok_id • $@7 optparams '{' conn '}'

    $default  reduce using rule 18 ($@7)

    $@7  go to state 80


State 38

   21 decl_with_attr: TOK_FLOW tok_id • $@8 optparams '{' flow '}'

    $default  reduce using rule 20 ($@8)

    $@8  go to state 81


State 39

   29 decl_without_attr: TOK_LPB_EXTERN embedded_code • TOK_RPB
  153 embedded_code: embedded_code • TOK_EMBEDDED_ATOM
  154              | embedded_code • TOK_EMBEDDED_STRING
  155              | embedded_code • embedded_pac_primitive

    TOK_RPB              shift, and go to state 82
    TOK_EMBEDDED_ATOM    shift, and go to state 83
    TOK_EMBEDDED_STRING  shift, and go to state 84
    TOK_PAC_VAL          shift, and go to state 85
    TOK_PAC_SET          shift, and go to state 86
    TOK_PAC_TYPE         shift, and go to state 87
    TOK_PAC_CONST_DEF    shift, and go to state 88

    embedded_pac_primitive  go to state 89


State 40

   27 decl_without_attr: TOK_LPB_HEADER embedded_code • TOK_RPB
  153 embedded_code: embedded_code • TOK_EMBEDDED_ATOM
  154              | embedded_code • TOK_EMBEDDED_STRING
  155              | embedded_code • embedded_pac_primitive

    TOK_RPB              shift, and go to state 90
    TOK_EMBEDDED_ATOM    shift, and go to state 83
    TOK_EMBEDDED_STRING  shift, and go to state 84
    TOK_PAC_VAL          shift, and go to state 85
    TOK_PAC_SET          shift, and go to state 86
    TOK_PAC_TYPE         shift, and go to state 87
    TOK_PAC_CONST_DEF    shift, and go to state 88

    embedded_pac_primitive  go to state 89


State 41

   28 decl_without_attr: TOK_LPB_CODE embedded_code • TOK_RPB
  153 embedded_code: embedded_code • TOK_EMBEDDED_ATOM
  154              | embedded_code • TOK_EMBEDDED_STRING
  155              | embedded_code • embedded_pac_primitive

    TOK_RPB              shift, and go to state 91
    TOK_EMBEDDED_ATOM    shift, and go to state 83
    TOK_EMBEDDED_STRING  shift, and go to state 84
    TOK_PAC_VAL          shift, and go to state 85
    TOK_PAC_SET          shift, and go to state 86
    TOK_PAC_TYPE         shift, and go to state 87
    TOK_PAC_CONST_DEF    shift, and go to state 88

    embedded_pac_primitive  go to state 89


State 42

   13 decl_with_attr: TOK_EXTERN TOK_TYPE • tok_id $@4

    TOK_TYPE        shift, and go to state 18
    TOK_FUNCTION    shift, and go to state 19
    TOK_ID          shift, and go to state 20
    TOK_ANALYZER    shift, and go to state 21
    TOK_CONNECTION  shift, and go to state 22
    TOK_FLOW        shift, and go to state 23

    tok_id  go to state 92


State 43

   32 optsemicolon: ';' •

    $default  reduce using rule 32 (optsemicolon)


State 44

    2 decls: decls decl optsemicolon •

    $default  reduce using rule 2 (decls)


State 45

  174 attr: TOK_ATTR_BYTEORDER • '=' expr

    '='  shift, and go to state 93


State 46

  175 attr: TOK_ATTR_CHECK • expr

    TOK_TYPE        shift, and go to state 18
    TOK_CASE        shift, and go to state 94
    TOK_FUNCTION    shift, and go to state 19
    TOK_ID          shift, and go to state 20
    TOK_NUMBER      shift, and go to state 95
    TOK_STRING      shift, and go to state 96
    TOK_BEGIN_RE    shift, and go to state 97
    TOK_ANALYZER    shift, and go to state 21
    TOK_CONNECTION  shift, and go to state 22
    TOK_FLOW        shift, and go to state 23
    '-'             shift, and go to state 98
    '~'             shift, and go to state 99
    '!'             shift, and go to state 100
    TOK_SIZEOF      shift, and go to state 101
    TOK_OFFSETOF    shift, and go to state 102
    '('             shift, and go to state 103

    tok_id  go to state 104
    expr    go to state 105
    cstr    go to state 106
    regex   go to state 107


State 47

  176 attr: TOK_ATTR_CHUNKED •

    $default  reduce using rule 176 (attr)


State 48

  177 attr: TOK_ATTR_ENFORCE • expr

    TOK_TYPE        shift, and go to state 18
    TOK_CASE        shift, and go to state 94
    TOK_FUNCTION    shift, and go to state 19
    TOK_ID          shift, and go to state 20
    TOK_NUMBER      shift, and go to state 95
    TOK_STRING      shift, and go to state 96
    TOK_BEGIN_RE    shift, and go to state 97
    TOK_ANALYZER    shift, and go to state 21
    TOK_CONNECTION  shift, and go to state 22
    TOK_FLOW        shift, and go to state 23
    '-'             shift, and go to state 98
    '~'             shift, and go to state 99
    '!'             shift, and go to state 100
    TOK_SIZEOF      shift, and go to state 101
    TOK_OFFSETOF    shift, and go to state 102
    '('             shift, and go to state 103

    tok_id  go to state 104
    expr    go to state 108
    cstr    go to state 106
    regex   go to state 107


State 49

  178 attr: TOK_ATTR_EXPORTSOURCEDATA •

    $default  reduce using rule 178 (attr)


State 50

  179 attr: TOK_ATTR_IF • expr

    TOK_TYPE        shift, and go to state 18
    TOK_CASE        shift, and go to state 94
    TOK_FUNCTION    shift, and go to state 19
    TOK_ID          shift, and go to state 20
    TOK_NUMBER      shift, and go to state 95
    TOK_STRING      shift, and go to state 96
    TOK_BEGIN_RE    shift, and go to state 97
    TOK_ANALYZER    shift, and go to state 21
    TOK_CONNECTION  shift, and go to state 22
    TOK_FLOW        shift, and go to state 23
    '-'             shift, and go to state 98
    '~'             shift, and go to state 99
    '!'             shift, and go to state 100
    TOK_SIZEOF      shift, and go to state 101
    TOK_OFFSETOF    shift, and go to state 102
    '('             shift, and go to state 103

    tok_id  go to state 104
    expr    go to state 109
    cstr    go to state 106
    regex   go to state 107


State 51

  180 attr: TOK_ATTR_LENGTH • '=' expr

    '='  shift, and go to state 110


State 52

  181 attr: TOK_ATTR_LET • '{' letfieldlist '}'

    '{'  shift, and go to state 111


State 53

  182 attr: TOK_ATTR_LINEBREAKER • '=' expr

    '='  shift, and go to state 112


State 54

  183 attr: TOK_ATTR_MULTILINE • '(' expr ')'

    '('  shift, and go to state 113


State 55

  184 attr: TOK_ATTR_ONELINE • optlinebreaker

    '('  shift, and go to state 114

    $default  reduce using rule 191 (optlinebreaker)

    optlinebreaker  go to state 115


State 56

  185 attr: TOK_ATTR_REFCOUNT •

    $default  reduce using rule 185 (attr)


State 57

  186 attr: TOK_ATTR_REQUIRES • '(' optexprlist ')'

    '('  shift, and go to state 116


State 58

  187 attr: TOK_ATTR_RESTOFDATA •

    $default  reduce using rule 187 (attr)


State 59

  188 attr: TOK_ATTR_RESTOFFLOW •

    $default  reduce using rule 188 (attr)


State 60

  189 attr: TOK_ATTR_TRANSIENT •

    $default  reduce using rule 189 (attr)


State 61

  190 attr: TOK_ATTR_UNTIL • expr

    TOK_TYPE        shift, and go to state 18
    TOK_CASE        shift, and go to state 94
    TOK_FUNCTION    shift, and go to state 19
    TOK_ID          shift, and go to state 20
    TOK_NUMBER      shift, and go to state 95
    TOK_STRING      shift, and go to state 96
    TOK_BEGIN_RE    shift, and go to state 97
    TOK_ANALYZER    shift, and go to state 21
    TOK_CONNECTION  shift, and go to state 22
    TOK_FLOW        shift, and go to state 23
    '-'             shift, and go to state 98
    '~'             shift, and go to state 99
    '!'             shift, and go to state 100
    TOK_SIZEOF      shift, and go to state 101
    TOK_OFFSETOF    shift, and go to state 102
    '('             shift, and go to state 103

    tok_id  go to state 104
    expr    go to state 117
    cstr    go to state 106
    regex   go to state 107


State 62

    3 decl: decl_with_attr optattrs •

    $default  reduce using rule 3 (decl)


State 63

  169 optattrs: attrlist •
  170 attrlist: attrlist • optcomma attr

    ','  shift, and go to state 118

    $end            reduce using rule 169 (optattrs)
    TOK_TYPE        reduce using rule 169 (optattrs)
    TOK_ENUM        reduce using rule 169 (optattrs)
    TOK_LET         reduce using rule 169 (optattrs)
    TOK_FUNCTION    reduce using rule 169 (optattrs)
    TOK_REFINE      reduce using rule 169 (optattrs)
    TOK_ANALYZER    reduce using rule 169 (optattrs)
    TOK_CONNECTION  reduce using rule 169 (optattrs)
    TOK_FLOW        reduce using rule 169 (optattrs)
    TOK_LPB_EXTERN  reduce using rule 169 (optattrs)
    TOK_LPB_HEADER  reduce using rule 169 (optattrs)
    TOK_LPB_CODE    reduce using rule 169 (optattrs)
    TOK_EXTERN      reduce using rule 169 (optattrs)
    ';'             reduce using rule 169 (optattrs)
    $default        reduce using rule 172 (optcomma)

    optcomma  go to state 119


State 64

  171 attrlist: attr •

    $default  reduce using rule 171 (attrlist)


State 65

    6 decl_with_attr: TOK_TYPE tok_id $@1 • optparams '=' type

    '('  shift, and go to state 120

    $default  reduce using rule 48 (optparams)

    optparams  go to state 121


State 66

   11 decl_with_attr: TOK_ENUM tok_id $@3 • '{' enumlist '}'

    '{'  shift, and go to state 122


State 67

    8 decl_with_attr: TOK_LET tok_id $@2 • opttype optinit

    ':'  shift, and go to state 123

    $default  reduce using rule 55 (opttype)

    opttype  go to state 124


State 68

   43 funcproto: tok_id '(' • paramlist ')' ':' type2

    TOK_TYPE        shift, and go to state 18
    TOK_FUNCTION    shift, and go to state 19
    TOK_ID          shift, and go to state 20
    TOK_ANALYZER    shift, and go to state 21
    TOK_CONNECTION  shift, and go to state 22
    TOK_FLOW        shift, and go to state 23

    $default  reduce using rule 51 (paramlist)

    tok_id     go to state 125
    paramlist  go to state 126
    param      go to state 127


State 69

   45 function: funcproto TOK_LPB • embedded_code TOK_RPB

    $default  reduce using rule 152 (embedded_code)

    embedded_code  go to state 128


State 70

   44 function: funcproto '=' • expr

    TOK_TYPE        shift, and go to state 18
    TOK_CASE        shift, and go to state 94
    TOK_FUNCTION    shift, and go to state 19
    TOK_ID          shift, and go to state 20
    TOK_NUMBER      shift, and go to state 95
    TOK_STRING      shift, and go to state 96
    TOK_BEGIN_RE    shift, and go to state 97
    TOK_ANALYZER    shift, and go to state 21
    TOK_CONNECTION  shift, and go to state 22
    TOK_FLOW        shift, and go to state 23
    '-'             shift, and go to state 98
    '~'             shift, and go to state 99
    '!'             shift, and go to state 100
    TOK_SIZEOF      shift, and go to state 101
    TOK_OFFSETOF    shift, and go to state 102
    '('             shift, and go to state 103

    tok_id  go to state 104
    expr    go to state 129
    cstr    go to state 106
    regex   go to state 107


State 71

   46 function: funcproto ';' •

    $default  reduce using rule 46 (function)


State 72

   23 decl_with_attr: TOK_REFINE TOK_CASEFUNC tok_id • TOK_PLUSEQ '{' caseexprlist '}'

    TOK_PLUSEQ  shift, and go to state 130


State 73

   22 decl_with_attr: TOK_REFINE TOK_CASETYPE tok_id • TOK_PLUSEQ '{' casefieldlist '}'

    TOK_PLUSEQ  shift, and go to state 131


State 74

   30 decl_without_attr: TOK_REFINE TOK_TYPEATTR tok_id • TOK_PLUSEQ attrlist

    TOK_PLUSEQ  shift, and go to state 132


State 75

   24 decl_with_attr: TOK_REFINE TOK_ANALYZER tok_id • TOK_PLUSEQ '{' sahlist '}'

    TOK_PLUSEQ  shift, and go to state 133


State 76

   25 decl_with_attr: TOK_REFINE TOK_CONNECTION tok_id • TOK_PLUSEQ '{' sahlist '}'

    TOK_PLUSEQ  shift, and go to state 134


State 77

   26 decl_with_attr: TOK_REFINE TOK_FLOW tok_id • TOK_PLUSEQ '{' sahlist '}'

    TOK_PLUSEQ  shift, and go to state 135


State 78

   15 decl_with_attr: TOK_ANALYZER tok_id $@5 • TOK_WITHCONTEXT analyzercontext

    TOK_WITHCONTEXT  shift, and go to state 136


State 79

   17 decl_with_attr: TOK_ANALYZER tok_id $@6 • optparams '{' conn '}'

    '('  shift, and go to state 120

    $default  reduce using rule 48 (optparams)

    optparams  go to state 137


State 80

   19 decl_with_attr: TOK_CONNECTION tok_id $@7 • optparams '{' conn '}'

    '('  shift, and go to state 120

    $default  reduce using rule 48 (optparams)

    optparams  go to state 138


State 81

   21 decl_with_attr: TOK_FLOW tok_id $@8 • optparams '{' flow '}'

    '('  shift, and go to state 120

    $default  reduce using rule 48 (optparams)

    optparams  go to state 139


State 82

   29 decl_without_attr: TOK_LPB_EXTERN embedded_code TOK_RPB •

    $default  reduce using rule 29 (decl_without_attr)


State 83

  153 embedded_code: embedded_code TOK_EMBEDDED_ATOM •

    $default  reduce using rule 153 (embedded_code)


State 84

  154 embedded_code: embedded_code TOK_EMBEDDED_STRING •

    $default  reduce using rule 154 (embedded_code)


State 85

  156 embedded_pac_primitive: TOK_PAC_VAL • expr TOK_END_PAC

    TOK_TYPE        shift, and go to state 18
    TOK_CASE        shift, and go to state 94
    TOK_FUNCTION    shift, and go to state 19
    TOK_ID          shift, and go to state 20
    TOK_NUMBER      shift, and go to state 95
    TOK_STRING      shift, and go to state 96
    TOK_BEGIN_RE    shift, and go to state 97
    TOK_ANALYZER    shift, and go to state 21
    TOK_CONNECTION  shift, and go to state 22
    TOK_FLOW        shift, and go to state 23
    '-'             shift, and go to state 98
    '~'             shift, and go to state 99
    '!'             shift, and go to state 100
    TOK_SIZEOF      shift, and go to state 101
    TOK_OFFSETOF    shift, and go to state 102
    '('             shift, and go to state 103

    tok_id  go to state 104
    expr    go to state 140
    cstr    go to state 106
    regex   go to state 107


State 86

  157 embedded_pac_primitive: TOK_PAC_SET • expr TOK_END_PAC

    TOK_TYPE        shift, and go to state 18
    TOK_CASE        shift, and go to state 94
    TOK_FUNCTION    shift, and go to state 19
    TOK_ID          shift, and go to state 20
    TOK_NUMBER      shift, and go to state 95
    TOK_STRING      shift, and go to state 96
    TOK_BEGIN_RE    shift, and go to state 97
    TOK_ANALYZER    shift, and go to state 21
    TOK_CONNECTION  shift, and go to state 22
    TOK_FLOW        shift, and go to state 23
    '-'             shift, and go to state 98
    '~'             shift, and go to state 99
    '!'             shift, and go to state 100
    TOK_SIZEOF      shift, and go to state 101
    TOK_OFFSETOF    shift, and go to state 102
    '('             shift, and go to state 103

    tok_id  go to state 104
    expr    go to state 141
    cstr    go to state 106
    regex   go to state 107


State 87

  158 embedded_pac_primitive: TOK_PAC_TYPE • expr TOK_END_PAC

    TOK_TYPE        shift, and go to state 18
    TOK_CASE        shift, and go to state 94
    TOK_FUNCTION    shift, and go to state 19
    TOK_ID          shift, and go to state 20
    TOK_NUMBER      shift, and go to state 95
    TOK_STRING      shift, and go to state 96
    TOK_BEGIN_RE    shift, and go to state 97
    TOK_ANALYZER    shift, and go to state 21
    TOK_CONNECTION  shift, and go to state 22
    TOK_FLOW        shift, and go to state 23
    '-'             shift, and go to state 98
    '~'             shift, and go to state 99
    '!'             shift, and go to state 100
    TOK_SIZEOF      shift, and go to state 101
    TOK_OFFSETOF    shift, and go to state 102
    '('             shift, and go to state 103

    tok_id  go to state 104
    expr    go to state 142
    cstr    go to state 106
    regex   go to state 107


State 88

  159 embedded_pac_primitive: TOK_PAC_CONST_DEF • tok_id '=' expr TOK_END_PAC

    TOK_TYPE        shift, and go to state 18
    TOK_FUNCTION    shift, and go to state 19
    TOK_ID          shift, and go to state 20
    TOK_ANALYZER    shift, and go to state 21
    TOK_CONNECTION  shift, and go to state 22
    TOK_FLOW        shift, and go to state 23

    tok_id  go to state 143


State 89

  155 embedded_code: embedded_code embedded_pac_primitive •

    $default  reduce using rule 155 (embedded_code)


State 90

   27 decl_without_attr: TOK_LPB_HEADER embedded_code TOK_RPB •

    $default  reduce using rule 27 (decl_without_attr)


State 91

   28 decl_without_attr: TOK_LPB_CODE embedded_code TOK_RPB •

    $default  reduce using rule 28 (decl_without_attr)


State 92

   13 decl_with_attr: TOK_EXTERN TOK_TYPE tok_id • $@4

    $default  reduce using rule 12 ($@4)

    $@4  go to state 144


State 93

  174 attr: TOK_ATTR_BYTEORDER '=' • expr

    TOK_TYPE        shift, and go to state 18
    TOK_CASE        shift, and go to state 94
    TOK_FUNCTION    shift, and go to state 19
    TOK_ID          shift, and go to state 20
    TOK_NUMBER      shift, and go to state 95
    TOK_STRING      shift, and go to state 96
    TOK_BEGIN_RE    shift, and go to state 97
    TOK_ANALYZER    shift, and go to state 21
    TOK_CONNECTION  shift, and go to state 22
    TOK_FLOW        shift, and go to state 23
    '-'             shift, and go to state 98
    '~'             shift, and go to state 99
    '!'             shift, and go to state 100
    TOK_SIZEOF      shift, and go to state 101
    TOK_OFFSETOF    shift, and go to state 102
    '('             shift, and go to state 103

    tok_id  go to state 104
    expr    go to state 145
    cstr    go to state 106
    regex   go to state 107


State 94

  118 expr: TOK_CASE • expr TOK_OF '{' caseexprlist '}'

    TOK_TYPE        shift, and go to state 18
    TOK_CASE        shift, and go to state 94
    TOK_FUNCTION    shift, and go to state 19
    TOK_ID          shift, and go to state 20
    TOK_NUMBER      shift, and go to state 95
    TOK_STRING      shift, and go to state 96
    TOK_BEGIN_RE    shift, and go to state 97
    TOK_ANALYZER    shift, and go to state 21
    TOK_CONNECTION  shift, and go to state 22
    TOK_FLOW        shift, and go to state 23
    '-'             shift, and go to state 98
    '~'             shift, and go to state 99
    '!'             shift, and go to state 100
    TOK_SIZEOF      shift, and go to state 101
    TOK_OFFSETOF    shift, and go to state 102
    '('             shift, and go to state 103

    tok_id  go to state 104
    expr    go to state 146
    cstr    go to state 106
    regex   go to state 107


State 95

   89 expr: TOK_NUMBER •

    $default  reduce using rule 89 (expr)


State 96

  121 cstr: TOK_STRING •

    $default  reduce using rule 121 (cstr)


State 97

  122 regex: TOK_BEGIN_RE • TOK_REGEX TOK_END_RE

    TOK_REGEX  shift, and go to state 147


State 98

   96 expr: '-' • expr

    TOK_TYPE        shift, and go to state 18
    TOK_CASE        shift, and go to state 94
    TOK_FUNCTION    shift, and go to state 19
    TOK_ID          shift, and go to state 20
    TOK_NUMBER      shift, and go to state 95
    TOK_STRING      shift, and go to state 96
    TOK_BEGIN_RE    shift, and go to state 97
    TOK_ANALYZER    shift, and go to state 21
    TOK_CONNECTION  shift, and go to state 22
    TOK_FLOW        shift, and go to state 23
    '-'             shift, and go to state 98
    '~'             shift, and go to state 99
    '!'             shift, and go to state 100
    TOK_SIZEOF      shift, and go to state 101
    TOK_OFFSETOF    shift, and go to state 102
    '('             shift, and go to state 103

    tok_id  go to state 104
    expr    go to state 148
    cstr    go to state 106
    regex   go to state 107


State 99

  102 expr: '~' • expr

    TOK_TYPE        shift, and go to state 18
    TOK_CASE        shift, and go to state 94
    TOK_FUNCTION    shift, and go to state 19
    TOK_ID          shift, and go to state 20
    TOK_NUMBER      shift, and go to state 95
    TOK_STRING      shift, and go to state 96
    TOK_BEGIN_RE    shift, and go to state 97
    TOK_ANALYZER    shift, and go to state 21
    TOK_CONNECTION  shift, and go to state 22
    TOK_FLOW        shift, and go to state 23
    '-'             shift, and go to state 98
    '~'             shift, and go to state 99
    '!'             shift, and go to state 100
    TOK_SIZEOF      shift, and go to state 101
    TOK_OFFSETOF    shift, and go to state 102
    '('             shift, and go to state 103

    tok_id  go to state 104
    expr    go to state 149
    cstr    go to state 106
    regex   go to state 107


State 100

  114 expr: '!' • expr

    TOK_TYPE        shift, and go to state 18
    TOK_CASE        shift, and go to state 94
    TOK_FUNCTION    shift, and go to state 19
    TOK_ID          shift, and go to state 20
    TOK_NUMBER      shift, and go to state 95
    TOK_STRING      shift, and go to state 96
    TOK_BEGIN_RE    shift, and go to state 97
    TOK_ANALYZER    shift, and go to state 21
    TOK_CONNECTION  shift, and go to state 22
    TOK_FLOW        shift, and go to state 23
    '-'             shift, and go to state 98
    '~'             shift, and go to state 99
    '!'             shift, and go to state 100
    TOK_SIZEOF      shift, and go to state 101
    TOK_OFFSETOF    shift, and go to state 102
    '('             shift, and go to state 103

    tok_id  go to state 104
    expr    go to state 150
    cstr    go to state 106
    regex   go to state 107


State 101

   92 expr: TOK_SIZEOF • '(' tok_id ')'

    '('  shift, and go to state 151


State 102

   93 expr: TOK_OFFSETOF • '(' tok_id ')'

    '('  shift, and go to state 152


State 103

   94 expr: '(' • expr ')'

    TOK_TYPE        shift, and go to state 18
    TOK_CASE        shift, and go to state 94
    TOK_FUNCTION    shift, and go to state 19
    TOK_ID          shift, and go to state 20
    TOK_NUMBER      shift, and go to state 95
    TOK_STRING      shift, and go to state 96
    TOK_BEGIN_RE    shift, and go to state 97
    TOK_ANALYZER    shift, and go to state 21
    TOK_CONNECTION  shift, and go to state 22
    TOK_FLOW        shift, and go to state 23
    '-'             shift, and go to state 98
    '~'             shift, and go to state 99
    '!'             shift, and go to state 100
    TOK_SIZEOF      shift, and go to state 101
    TOK_OFFSETOF    shift, and go to state 102
    '('             shift, and go to state 103

    tok_id  go to state 104
    expr    go to state 153
    cstr    go to state 106
    regex   go to state 107


State 104

   88 expr: tok_id •

    $default  reduce using rule 88 (expr)


State 105

   90 expr: expr • '[' expr ']'
   91     | expr • '.' tok_id
   95     | expr • '(' optexprlist ')'
   97     | expr • '+' expr
   98     | expr • '-' expr
   99     | expr • '*' expr
  100     | expr • '/' expr
  101     | expr • '%' expr
  103     | expr • '&' expr
  104     | expr • '|' expr
  105     | expr • '^' expr
  106     | expr • TOK_LSHIFT expr
  107     | expr • TOK_RSHIFT expr
  108     | expr • TOK_EQUAL expr
  109     | expr • TOK_NEQ expr
  110     | expr • TOK_GE expr
  111     | expr • TOK_LE expr
  112     | expr • '>' expr
  113     | expr • '<' expr
  115     | expr • TOK_AND expr
  116     | expr • TOK_OR expr
  117     | expr • '?' expr ':' expr
  175 attr: TOK_ATTR_CHECK expr •

    '?'         shift, and go to state 154
    TOK_OR      shift, and go to state 155
    TOK_AND     shift, and go to state 156
    TOK_EQUAL   shift, and go to state 157
    TOK_NEQ     shift, and go to state 158
    TOK_LE      shift, and go to state 159
    TOK_GE      shift, and go to state 160
    '<'         shift, and go to state 161
    '>'         shift, and go to state 162
    '&'         shift, and go to state 163
    '|'         shift, and go to state 164
    '^'         shift, and go to state 165
    TOK_LSHIFT  shift, and go to state 166
    TOK_RSHIFT  shift, and go to state 167
    '+'         shift, and go to state 168
    '-'         shift, and go to state 169
    '*'         shift, and go to state 170
    '/'         shift, and go to state 171
    '%'         shift, and go to state 172
    '('         shift, and go to state 173
    '['         shift, and go to state 174
    '.'         shift, and go to state 175

    $default  reduce using rule 175 (attr)


State 106

  119 expr: cstr •

    $default  reduce using rule 119 (expr)


State 107

  120 expr: regex •

    $default  reduce using rule 120 (expr)


State 108

   90 expr: expr • '[' expr ']'
   91     | expr • '.' tok_id
   95     | expr • '(' optexprlist ')'
   97     | expr • '+' expr
   98     | expr • '-' expr
   99     | expr • '*' expr
  100     | expr • '/' expr
  101     | expr • '%' expr
  103     | expr • '&' expr
  104     | expr • '|' expr
  105     | expr • '^' expr
  106     | expr • TOK_LSHIFT expr
  107     | expr • TOK_RSHIFT expr
  108     | expr • TOK_EQUAL expr
  109     | expr • TOK_NEQ expr
  110     | expr • TOK_GE expr
  111     | expr • TOK_LE expr
  112     | expr • '>' expr
  113     | expr • '<' expr
  115     | expr • TOK_AND expr
  116     | expr • TOK_OR expr
  117     | expr • '?' expr ':' expr
  177 attr: TOK_ATTR_ENFORCE expr •

    '?'         shift, and go to state 154
    TOK_OR      shift, and go to state 155
    TOK_AND     shift, and go to state 156
    TOK_EQUAL   shift, and go to state 157
    TOK_NEQ     shift, and go to state 158
    TOK_LE      shift, and go to state 159
    TOK_GE      shift, and go to state 160
    '<'         shift, and go to state 161
    '>'         shift, and go to state 162
    '&'         shift, and go to state 163
    '|'         shift, and go to state 164
    '^'         shift, and go to state 165
    TOK_LSHIFT  shift, and go to state 166
    TOK_RSHIFT  shift, and go to state 167
    '+'         shift, and go to state 168
    '-'         shift, and go to state 169
    '*'         shift, and go to state 170
    '/'         shift, and go to state 171
    '%'         shift, and go to state 172
    '('         shift, and go to state 173
    '['         shift, and go to state 174
    '.'         shift, and go to state 175

    $default  reduce using rule 177 (attr)


State 109

   90 expr: expr • '[' expr ']'
   91     | expr • '.' tok_id
   95     | expr • '(' optexprlist ')'
   97     | expr • '+' expr
   98     | expr • '-' expr
   99     | expr • '*' expr
  100     | expr • '/' expr
  101     | expr • '%' expr
  103     | expr • '&' expr
  104     | expr • '|' expr
  105     | expr • '^' expr
  106     | expr • TOK_LSHIFT expr
  107     | expr • TOK_RSHIFT expr
  108     | expr • TOK_EQUAL expr
  109     | expr • TOK_NEQ expr
  110     | expr • TOK_GE expr
  111     | expr • TOK_LE expr
  112     | expr • '>' expr
  113     | expr • '<' expr
  115     | expr • TOK_AND expr
  116     | expr • TOK_OR expr
  117     | expr • '?' expr ':' expr
  179 attr: TOK_ATTR_IF expr •

    '?'         shift, and go to state 154
    TOK_OR      shift, and go to state 155
    TOK_AND     shift, and go to state 156
    TOK_EQUAL   shift, and go to state 157
    TOK_NEQ     shift, and go to state 158
    TOK_LE      shift, and go to state 159
    TOK_GE      shift, and go to state 160
    '<'         shift, and go to state 161
    '>'         shift, and go to state 162
    '&'         shift, and go to state 163
    '|'         shift, and go to state 164
    '^'         shift, and go to state 165
    TOK_LSHIFT  shift, and go to state 166
    TOK_RSHIFT  shift, and go to state 167
    '+'         shift, and go to state 168
    '-'         shift, and go to state 169
    '*'         shift, and go to state 170
    '/'         shift, and go to state 171
    '%'         shift, and go to state 172
    '('         shift, and go to state 173
    '['         shift, and go to state 174
    '.'         shift, and go to state 175

    $default  reduce using rule 179 (attr)


State 110

  180 attr: TOK_ATTR_LENGTH '=' • expr

    TOK_TYPE        shift, and go to state 18
    TOK_CASE        shift, and go to state 94
    TOK_FUNCTION    shift, and go to state 19
    TOK_ID          shift, and go to state 20
    TOK_NUMBER      shift, and go to state 95
    TOK_STRING      shift, and go to state 96
    TOK_BEGIN_RE    shift, and go to state 97
    TOK_ANALYZER    shift, and go to state 21
    TOK_CONNECTION  shift, and go to state 22
    TOK_FLOW        shift, and go to state 23
    '-'             shift, and go to state 98
    '~'             shift, and go to state 99
    '!'             shift, and go to state 100
    TOK_SIZEOF      shift, and go to state 101
    TOK_OFFSETOF    shift, and go to state 102
    '('             shift, and go to state 103

    tok_id  go to state 104
    expr    go to state 176
    cstr    go to state 106
    regex   go to state 107


State 111

  181 attr: TOK_ATTR_LET '{' • letfieldlist '}'

    $default  reduce using rule 164 (letfieldlist)

    letfieldlist  go to state 177


State 112

  182 attr: TOK_ATTR_LINEBREAKER '=' • expr

    TOK_TYPE        shift, and go to state 18
    TOK_CASE        shift, and go to state 94
    TOK_FUNCTION    shift, and go to state 19
    TOK_ID          shift, and go to state 20
    TOK_NUMBER      shift, and go to state 95
    TOK_STRING      shift, and go to state 96
    TOK_BEGIN_RE    shift, and go to state 97
    TOK_ANALYZER    shift, and go to state 21
    TOK_CONNECTION  shift, and go to state 22
    TOK_FLOW        shift, and go to state 23
    '-'             shift, and go to state 98
    '~'             shift, and go to state 99
    '!'             shift, and go to state 100
    TOK_SIZEOF      shift, and go to state 101
    TOK_OFFSETOF    shift, and go to state 102
    '('             shift, and go to state 103

    tok_id  go to state 104
    expr    go to state 178
    cstr    go to state 106
    regex   go to state 107


State 113

  183 attr: TOK_ATTR_MULTILINE '(' • expr ')'

    TOK_TYPE        shift, and go to state 18
    TOK_CASE        shift, and go to state 94
    TOK_FUNCTION    shift, and go to state 19
    TOK_ID          shift, and go to state 20
    TOK_NUMBER      shift, and go to state 95
    TOK_STRING      shift, and go to state 96
    TOK_BEGIN_RE    shift, and go to state 97
    TOK_ANALYZER    shift, and go to state 21
    TOK_CONNECTION  shift, and go to state 22
    TOK_FLOW        shift, and go to state 23
    '-'             shift, and go to state 98
    '~'             shift, and go to state 99
    '!'             shift, and go to state 100
    TOK_SIZEOF      shift, and go to state 101
    TOK_OFFSETOF    shift, and go to state 102
    '('             shift, and go to state 103

    tok_id  go to state 104
    expr    go to state 179
    cstr    go to state 106
    regex   go to state 107


State 114

  192 optlinebreaker: '(' • expr ')'

    TOK_TYPE        shift, and go to state 18
    TOK_CASE        shift, and go to state 94
    TOK_FUNCTION    shift, and go to state 19
    TOK_ID          shift, and go to state 20
    TOK_NUMBER      shift, and go to state 95
    TOK_STRING      shift, and go to state 96
    TOK_BEGIN_RE    shift, and go to state 97
    TOK_ANALYZER    shift, and go to state 21
    TOK_CONNECTION  shift, and go to state 22
    TOK_FLOW        shift, and go to state 23
    '-'             shift, and go to state 98
    '~'             shift, and go to state 99
    '!'             shift, and go to state 100
    TOK_SIZEOF      shift, and go to state 101
    TOK_OFFSETOF    shift, and go to state 102
    '('             shift, and go to state 103

    tok_id  go to state 104
    expr    go to state 180
    cstr    go to state 106
    regex   go to state 107


State 115

  184 attr: TOK_ATTR_ONELINE optlinebreaker •

    $default  reduce using rule 184 (attr)


State 116

  186 attr: TOK_ATTR_REQUIRES '(' • optexprlist ')'

    TOK_TYPE        shift, and go to state 18
    TOK_CASE        shift, and go to state 94
    TOK_FUNCTION    shift, and go to state 19
    TOK_ID          shift, and go to state 20
    TOK_NUMBER      shift, and go to state 95
    TOK_STRING      shift, and go to state 96
    TOK_BEGIN_RE    shift, and go to state 97
    TOK_ANALYZER    shift, and go to state 21
    TOK_CONNECTION  shift, and go to state 22
    TOK_FLOW        shift, and go to state 23
    '-'             shift, and go to state 98
    '~'             shift, and go to state 99
    '!'             shift, and go to state 100
    TOK_SIZEOF      shift, and go to state 101
    TOK_OFFSETOF    shift, and go to state 102
    '('             shift, and go to state 103

    $default  reduce using rule 84 (optexprlist)

    tok_id       go to state 104
    optexprlist  go to state 181
    exprlist     go to state 182
    expr         go to state 183
    cstr         go to state 106
    regex        go to state 107


State 117

   90 expr: expr • '[' expr ']'
   91     | expr • '.' tok_id
   95     | expr • '(' optexprlist ')'
   97     | expr • '+' expr
   98     | expr • '-' expr
   99     | expr • '*' expr
  100     | expr • '/' expr
  101     | expr • '%' expr
  103     | expr • '&' expr
  104     | expr • '|' expr
  105     | expr • '^' expr
  106     | expr • TOK_LSHIFT expr
  107     | expr • TOK_RSHIFT expr
  108     | expr • TOK_EQUAL expr
  109     | expr • TOK_NEQ expr
  110     | expr • TOK_GE expr
  111     | expr • TOK_LE expr
  112     | expr • '>' expr
  113     | expr • '<' expr
  115     | expr • TOK_AND expr
  116     | expr • TOK_OR expr
  117     | expr • '?' expr ':' expr
  190 attr: TOK_ATTR_UNTIL expr •

    '?'         shift, and go to state 154
    TOK_OR      shift, and go to state 155
    TOK_AND     shift, and go to state 156
    TOK_EQUAL   shift, and go to state 157
    TOK_NEQ     shift, and go to state 158
    TOK_LE      shift, and go to state 159
    TOK_GE      shift, and go to state 160
    '<'         shift, and go to state 161
    '>'         shift, and go to state 162
    '&'         shift, and go to state 163
    '|'         shift, and go to state 164
    '^'         shift, and go to state 165
    TOK_LSHIFT  shift, and go to state 166
    TOK_RSHIFT  shift, and go to state 167
    '+'         shift, and go to state 168
    '-'         shift, and go to state 169
    '*'         shift, and go to state 170
    '/'         shift, and go to state 171
    '%'         shift, and go to state 172
    '('         shift, and go to state 173
    '['         shift, and go to state 174
    '.'         shift, and go to state 175

    $default  reduce using rule 190 (attr)


State 118

  173 optcomma: ',' •

    $default  reduce using rule 173 (optcomma)


State 119

  170 attrlist: attrlist optcomma • attr

    TOK_ATTR_BYTEORDER         shift, and go to state 45
    TOK_ATTR_CHECK             shift, and go to state 46
    TOK_ATTR_CHUNKED           shift, and go to state 47
    TOK_ATTR_ENFORCE           shift, and go to state 48
    TOK_ATTR_EXPORTSOURCEDATA  shift, and go to state 49
    TOK_ATTR_IF                shift, and go to state 50
    TOK_ATTR_LENGTH            shift, and go to state 51
    TOK_ATTR_LET               shift, and go to state 52
    TOK_ATTR_LINEBREAKER       shift, and go to state 53
    TOK_ATTR_MULTILINE         shift, and go to state 54
    TOK_ATTR_ONELINE           shift, and go to state 55
    TOK_ATTR_REFCOUNT          shift, and go to state 56
    TOK_ATTR_REQUIRES          shift, and go to state 57
    TOK_ATTR_RESTOFDATA        shift, and go to state 58
    TOK_ATTR_RESTOFFLOW        shift, and go to state 59
    TOK_ATTR_TRANSIENT         shift, and go to state 60
    TOK_ATTR_UNTIL             shift, and go to state 61

    attr  go to state 184


State 120

   47 optparams: '(' • paramlist ')'

    TOK_TYPE        shift, and go to state 18
    TOK_FUNCTION    shift, and go to state 19
    TOK_ID          shift, and go to state 20
    TOK_ANALYZER    shift, and go to state 21
    TOK_CONNECTION  shift, and go to state 22
    TOK_FLOW        shift, and go to state 23

    $default  reduce using rule 51 (paramlist)

    tok_id     go to state 125
    paramlist  go to state 185
    param      go to state 127


State 121

    6 decl_with_attr: TOK_TYPE tok_id $@1 optparams • '=' type

    '='  shift, and go to state 186


State 122

   11 decl_with_attr: TOK_ENUM tok_id $@3 '{' • enumlist '}'

    TOK_TYPE        shift, and go to state 18
    TOK_FUNCTION    shift, and go to state 19
    TOK_ID          shift, and go to state 20
    TOK_ANALYZER    shift, and go to state 21
    TOK_CONNECTION  shift, and go to state 22
    TOK_FLOW        shift, and go to state 23

    tok_id     go to state 187
    enumlist   go to state 188
    enumlist1  go to state 189
    enumitem   go to state 190


State 123

   56 opttype: ':' • type2

    TOK_TYPE        shift, and go to state 18
    TOK_CASE        shift, and go to state 191
    TOK_FUNCTION    shift, and go to state 19
    TOK_ID          shift, and go to state 20
    TOK_STRING      shift, and go to state 96
    TOK_BEGIN_RE    shift, and go to state 97
    TOK_ANALYZER    shift, and go to state 21
    TOK_CONNECTION  shift, and go to state 22
    TOK_FLOW        shift, and go to state 23

    tok_id  go to state 192
    type2   go to state 193
    type1   go to state 194
    cstr    go to state 195
    regex   go to state 196


State 124

    8 decl_with_attr: TOK_LET tok_id $@2 opttype • optinit

    '='  shift, and go to state 197

    $default  reduce using rule 53 (optinit)

    optinit  go to state 198


State 125

   52 param: tok_id • ':' type2

    ':'  shift, and go to state 199


State 126

   43 funcproto: tok_id '(' paramlist • ')' ':' type2
   49 paramlist: paramlist • ',' param

    ','  shift, and go to state 200
    ')'  shift, and go to state 201


State 127

   50 paramlist: param •

    $default  reduce using rule 50 (paramlist)


State 128

   45 function: funcproto TOK_LPB embedded_code • TOK_RPB
  153 embedded_code: embedded_code • TOK_EMBEDDED_ATOM
  154              | embedded_code • TOK_EMBEDDED_STRING
  155              | embedded_code • embedded_pac_primitive

    TOK_RPB              shift, and go to state 202
    TOK_EMBEDDED_ATOM    shift, and go to state 83
    TOK_EMBEDDED_STRING  shift, and go to state 84
    TOK_PAC_VAL          shift, and go to state 85
    TOK_PAC_SET          shift, and go to state 86
    TOK_PAC_TYPE         shift, and go to state 87
    TOK_PAC_CONST_DEF    shift, and go to state 88

    embedded_pac_primitive  go to state 89


State 129

   44 function: funcproto '=' expr •
   90 expr: expr • '[' expr ']'
   91     | expr • '.' tok_id
   95     | expr • '(' optexprlist ')'
   97     | expr • '+' expr
   98     | expr • '-' expr
   99     | expr • '*' expr
  100     | expr • '/' expr
  101     | expr • '%' expr
  103     | expr • '&' expr
  104     | expr • '|' expr
  105     | expr • '^' expr
  106     | expr • TOK_LSHIFT expr
  107     | expr • TOK_RSHIFT expr
  108     | expr • TOK_EQUAL expr
  109     | expr • TOK_NEQ expr
  110     | expr • TOK_GE expr
  111     | expr • TOK_LE expr
  112     | expr • '>' expr
  113     | expr • '<' expr
  115     | expr • TOK_AND expr
  116     | expr • TOK_OR expr
  117     | expr • '?' expr ':' expr

    '?'         shift, and go to state 154
    TOK_OR      shift, and go to state 155
    TOK_AND     shift, and go to state 156
    TOK_EQUAL   shift, and go to state 157
    TOK_NEQ     shift, and go to state 158
    TOK_LE      shift, and go to state 159
    TOK_GE      shift, and go to state 160
    '<'         shift, and go to state 161
    '>'         shift, and go to state 162
    '&'         shift, and go to state 163
    '|'         shift, and go to state 164
    '^'         shift, and go to state 165
    TOK_LSHIFT  shift, and go to state 166
    TOK_RSHIFT  shift, and go to state 167
    '+'         shift, and go to state 168
    '-'         shift, and go to state 169
    '*'         shift, and go to state 170
    '/'         shift, and go to state 171
    '%'         shift, and go to state 172
    '('         shift, and go to state 173
    '['         shift, and go to state 174
    '.'         shift, and go to state 175

    $default  reduce using rule 44 (function)


State 130

   23 decl_with_attr: TOK_REFINE TOK_CASEFUNC tok_id TOK_PLUSEQ • '{' caseexprlist '}'

    '{'  shift, and go to state 203


State 131

   22 decl_with_attr: TOK_REFINE TOK_CASETYPE tok_id TOK_PLUSEQ • '{' casefieldlist '}'

    '{'  shift, and go to state 204


State 132

   30 decl_without_attr: TOK_REFINE TOK_TYPEATTR tok_id TOK_PLUSEQ • attrlist

    TOK_ATTR_BYTEORDER         shift, and go to state 45
    TOK_ATTR_CHECK             shift, and go to state 46
    TOK_ATTR_CHUNKED           shift, and go to state 47
    TOK_ATTR_ENFORCE           shift, and go to state 48
    TOK_ATTR_EXPORTSOURCEDATA  shift, and go to state 49
    TOK_ATTR_IF                shift, and go to state 50
    TOK_ATTR_LENGTH            shift, and go to state 51
    TOK_ATTR_LET               shift, and go to state 52
    TOK_ATTR_LINEBREAKER       shift, and go to state 53
    TOK_ATTR_MULTILINE         shift, and go to state 54
    TOK_ATTR_ONELINE           shift, and go to state 55
    TOK_ATTR_REFCOUNT          shift, and go to state 56
    TOK_ATTR_REQUIRES          shift, and go to state 57
    TOK_ATTR_RESTOFDATA        shift, and go to state 58
    TOK_ATTR_RESTOFFLOW        shift, and go to state 59
    TOK_ATTR_TRANSIENT         shift, and go to state 60
    TOK_ATTR_UNTIL             shift, and go to state 61

    attrlist  go to state 205
    attr      go to state 64


State 133

   24 decl_with_attr: TOK_REFINE TOK_ANALYZER tok_id TOK_PLUSEQ • '{' sahlist '}'

    '{'  shift, and go to state 206


State 134

   25 decl_with_attr: TOK_REFINE TOK_CONNECTION tok_id TOK_PLUSEQ • '{' sahlist '}'

    '{'  shift, and go to state 207


State 135

   26 decl_with_attr: TOK_REFINE TOK_FLOW tok_id TOK_PLUSEQ • '{' sahlist '}'

    '{'  shift, and go to state 208


State 136

   15 decl_with_attr: TOK_ANALYZER tok_id $@5 TOK_WITHCONTEXT • analyzercontext

    '{'  shift, and go to state 209

    analyzercontext  go to state 210


State 137

   17 decl_with_attr: TOK_ANALYZER tok_id $@6 optparams • '{' conn '}'

    '{'  shift, and go to state 211


State 138

   19 decl_with_attr: TOK_CONNECTION tok_id $@7 optparams • '{' conn '}'

    '{'  shift, and go to state 212


State 139

   21 decl_with_attr: TOK_FLOW tok_id $@8 optparams • '{' flow '}'

    '{'  shift, and go to state 213


State 140

   90 expr: expr • '[' expr ']'
   91     | expr • '.' tok_id
   95     | expr • '(' optexprlist ')'
   97     | expr • '+' expr
   98     | expr • '-' expr
   99     | expr • '*' expr
  100     | expr • '/' expr
  101     | expr • '%' expr
  103     | expr • '&' expr
  104     | expr • '|' expr
  105     | expr • '^' expr
  106     | expr • TOK_LSHIFT expr
  107     | expr • TOK_RSHIFT expr
  108     | expr • TOK_EQUAL expr
  109     | expr • TOK_NEQ expr
  110     | expr • TOK_GE expr
  111     | expr • TOK_LE expr
  112     | expr • '>' expr
  113     | expr • '<' expr
  115     | expr • TOK_AND expr
  116     | expr • TOK_OR expr
  117     | expr • '?' expr ':' expr
  156 embedded_pac_primitive: TOK_PAC_VAL expr • TOK_END_PAC

    TOK_END_PAC  shift, and go to state 214
    '?'          shift, and go to state 154
    TOK_OR       shift, and go to state 155
    TOK_AND      shift, and go to state 156
    TOK_EQUAL    shift, and go to state 157
    TOK_NEQ      shift, and go to state 158
    TOK_LE       shift, and go to state 159
    TOK_GE       shift, and go to state 160
    '<'          shift, and go to state 161
    '>'          shift, and go to state 162
    '&'          shift, and go to state 163
    '|'          shift, and go to state 164
    '^'          shift, and go to state 165
    TOK_LSHIFT   shift, and go to state 166
    TOK_RSHIFT   shift, and go to state 167
    '+'          shift, and go to state 168
    '-'          shift, and go to state 169
    '*'          shift, and go to state 170
    '/'          shift, and go to state 171
    '%'          shift, and go to state 172
    '('          shift, and go to state 173
    '['          shift, and go to state 174
    '.'          shift, and go to state 175


State 141

   90 expr: expr • '[' expr ']'
   91     | expr • '.' tok_id
   95     | expr • '(' optexprlist ')'
   97     | expr • '+' expr
   98     | expr • '-' expr
   99     | expr • '*' expr
  100     | expr • '/' expr
  101     | expr • '%' expr
  103     | expr • '&' expr
  104     | expr • '|' expr
  105     | expr • '^' expr
  106     | expr • TOK_LSHIFT expr
  107     | expr • TOK_RSHIFT expr
  108     | expr • TOK_EQUAL expr
  109     | expr • TOK_NEQ expr
  110     | expr • TOK_GE expr
  111     | expr • TOK_LE expr
  112     | expr • '>' expr
  113     | expr • '<' expr
  115     | expr • TOK_AND expr
  116     | expr • TOK_OR expr
  117     | expr • '?' expr ':' expr
  157 embedded_pac_primitive: TOK_PAC_SET expr • TOK_END_PAC

    TOK_END_PAC  shift, and go to state 215
    '?'          shift, and go to state 154
    TOK_OR       shift, and go to state 155
    TOK_AND      shift, and go to state 156
    TOK_EQUAL    shift, and go to state 157
    TOK_NEQ      shift, and go to state 158
    TOK_LE       shift, and go to state 159
    TOK_GE       shift, and go to state 160
    '<'          shift, and go to state 161
    '>'          shift, and go to state 162
    '&'          shift, and go to state 163
    '|'          shift, and go to state 164
    '^'          shift, and go to state 165
    TOK_LSHIFT   shift, and go to state 166
    TOK_RSHIFT   shift, and go to state 167
    '+'          shift, and go to state 168
    '-'          shift, and go to state 169
    '*'          shift, and go to state 170
    '/'          shift, and go to state 171
    '%'          shift, and go to state 172
    '('          shift, and go to state 173
    '['          shift, and go to state 174
    '.'          shift, and go to state 175


State 142

   90 expr: expr • '[' expr ']'
   91     | expr • '.' tok_id
   95     | expr • '(' optexprlist ')'
   97     | expr • '+' expr
   98     | expr • '-' expr
   99     | expr • '*' expr
  100     | expr • '/' expr
  101     | expr • '%' expr
  103     | expr • '&' expr
  104     | expr • '|' expr
  105     | expr • '^' expr
  106     | expr • TOK_LSHIFT expr
  107     | expr • TOK_RSHIFT expr
  108     | expr • TOK_EQUAL expr
  109     | expr • TOK_NEQ expr
  110     | expr • TOK_GE expr
  111     | expr • TOK_LE expr
  112     | expr • '>' expr
  113     | expr • '<' expr
  115     | expr • TOK_AND expr
  116     | expr • TOK_OR expr
  117     | expr • '?' expr ':' expr
  158 embedded_pac_primitive: TOK_PAC_TYPE expr • TOK_END_PAC

    TOK_END_PAC  shift, and go to state 216
    '?'          shift, and go to state 154
    TOK_OR       shift, and go to state 155
    TOK_AND      shift, and go to state 156
    TOK_EQUAL    shift, and go to state 157
    TOK_NEQ      shift, and go to state 158
    TOK_LE       shift, and go to state 159
    TOK_GE       shift, and go to state 160
    '<'          shift, and go to state 161
    '>'          shift, and go to state 162
    '&'          shift, and go to state 163
    '|'          shift, and go to state 164
    '^'          shift, and go to state 165
    TOK_LSHIFT   shift, and go to state 166
    TOK_RSHIFT   shift, and go to state 167
    '+'          shift, and go to state 168
    '-'          shift, and go to state 169
    '*'          shift, and go to state 170
    '/'          shift, and go to state 171
    '%'          shift, and go to state 172
    '('          shift, and go to state 173
    '['          shift, and go to state 174
    '.'          shift, and go to state 175


State 143

  159 embedded_pac_primitive: TOK_PAC_CONST_DEF tok_id • '=' expr TOK_END_PAC

    '='  shift, and go to state 217


State 144

   13 decl_with_attr: TOK_EXTERN TOK_TYPE tok_id $@4 •

    $default  reduce using rule 13 (decl_with_attr)


State 145

   90 expr: expr • '[' expr ']'
   91     | expr • '.' tok_id
   95     | expr • '(' optexprlist ')'
   97     | expr • '+' expr
   98     | expr • '-' expr
   99     | expr • '*' expr
  100     | expr • '/' expr
  101     | expr • '%' expr
  103     | expr • '&' expr
  104     | expr • '|' expr
  105     | expr • '^' expr
  106     | expr • TOK_LSHIFT expr
  107     | expr • TOK_RSHIFT expr
  108     | expr • TOK_EQUAL expr
  109     | expr • TOK_NEQ expr
  110     | expr • TOK_GE expr
  111     | expr • TOK_LE expr
  112     | expr • '>' expr
  113     | expr • '<' expr
  115     | expr • TOK_AND expr
  116     | expr • TOK_OR expr
  117     | expr • '?' expr ':' expr
  174 attr: TOK_ATTR_BYTEORDER '=' expr •

    '?'         shift, and go to state 154
    TOK_OR      shift, and go to state 155
    TOK_AND     shift, and go to state 156
    TOK_EQUAL   shift, and go to state 157
    TOK_NEQ     shift, and go to state 158
    TOK_LE      shift, and go to state 159
    TOK_GE      shift, and go to state 160
    '<'         shift, and go to state 161
    '>'         shift, and go to state 162
    '&'         shift, and go to state 163
    '|'         shift, and go to state 164
    '^'         shift, and go to state 165
    TOK_LSHIFT  shift, and go to state 166
    TOK_RSHIFT  shift, and go to state 167
    '+'         shift, and go to state 168
    '-'         shift, and go to state 169
    '*'         shift, and go to state 170
    '/'         shift, and go to state 171
    '%'         shift, and go to state 172
    '('         shift, and go to state 173
    '['         shift, and go to state 174
    '.'         shift, and go to state 175

    $default  reduce using rule 174 (attr)


State 146

   90 expr: expr • '[' expr ']'
   91     | expr • '.' tok_id
   95     | expr • '(' optexprlist ')'
   97     | expr • '+' expr
   98     | expr • '-' expr
   99     | expr • '*' expr
  100     | expr • '/' expr
  101     | expr • '%' expr
  103     | expr • '&' expr
  104     | expr • '|' expr
  105     | expr • '^' expr
  106     | expr • TOK_LSHIFT expr
  107     | expr • TOK_RSHIFT expr
  108     | expr • TOK_EQUAL expr
  109     | expr • TOK_NEQ expr
  110     | expr • TOK_GE expr
  111     | expr • TOK_LE expr
  112     | expr • '>' expr
  113     | expr • '<' expr
  115     | expr • TOK_AND expr
  116     | expr • TOK_OR expr
  117     | expr • '?' expr ':' expr
  118     | TOK_CASE expr • TOK_OF '{' caseexprlist '}'

    TOK_OF      shift, and go to state 218
    '?'         shift, and go to state 154
    TOK_OR      shift, and go to state 155
    TOK_AND     shift, and go to state 156
    TOK_EQUAL   shift, and go to state 157
    TOK_NEQ     shift, and go to state 158
    TOK_LE      shift, and go to state 159
    TOK_GE      shift, and go to state 160
    '<'         shift, and go to state 161
    '>'         shift, and go to state 162
    '&'         shift, and go to state 163
    '|'         shift, and go to state 164
    '^'         shift, and go to state 165
    TOK_LSHIFT  shift, and go to state 166
    TOK_RSHIFT  shift, and go to state 167
    '+'         shift, and go to state 168
    '-'         shift, and go to state 169
    '*'         shift, and go to state 170
    '/'         shift, and go to state 171
    '%'         shift, and go to state 172
    '('         shift, and go to state 173
    '['         shift, and go to state 174
    '.'         shift, and go to state 175


State 147

  122 regex: TOK_BEGIN_RE TOK_REGEX • TOK_END_RE

    TOK_END_RE  shift, and go to state 219


State 148

   90 expr: expr • '[' expr ']'
   91     | expr • '.' tok_id
   95     | expr • '(' optexprlist ')'
   96     | '-' expr •
   97     | expr • '+' expr
   98     | expr • '-' expr
   99     | expr • '*' expr
  100     | expr • '/' expr
  101     | expr • '%' expr
  103     | expr • '&' expr
  104     | expr • '|' expr
  105     | expr • '^' expr
  106     | expr • TOK_LSHIFT expr
  107     | expr • TOK_RSHIFT expr
  108     | expr • TOK_EQUAL expr
  109     | expr • TOK_NEQ expr
  110     | expr • TOK_GE expr
  111     | expr • TOK_LE expr
  112     | expr • '>' expr
  113     | expr • '<' expr
  115     | expr • TOK_AND expr
  116     | expr • TOK_OR expr
  117     | expr • '?' expr ':' expr

    '*'  shift, and go to state 170
    '/'  shift, and go to state 171
    '%'  shift, and go to state 172
    '('  shift, and go to state 173
    '['  shift, and go to state 174
    '.'  shift, and go to state 175

    $default  reduce using rule 96 (expr)


State 149

   90 expr: expr • '[' expr ']'
   91     | expr • '.' tok_id
   95     | expr • '(' optexprlist ')'
   97     | expr • '+' expr
   98     | expr • '-' expr
   99     | expr • '*' expr
  100     | expr • '/' expr
  101     | expr • '%' expr
  102     | '~' expr •
  103     | expr • '&' expr
  104     | expr • '|' expr
  105     | expr • '^' expr
  106     | expr • TOK_LSHIFT expr
  107     | expr • TOK_RSHIFT expr
  108     | expr • TOK_EQUAL expr
  109     | expr • TOK_NEQ expr
  110     | expr • TOK_GE expr
  111     | expr • TOK_LE expr
  112     | expr • '>' expr
  113     | expr • '<' expr
  115     | expr • TOK_AND expr
  116     | expr • TOK_OR expr
  117     | expr • '?' expr ':' expr

    '('  shift, and go to state 173
    '['  shift, and go to state 174
    '.'  shift, and go to state 175

    $default  reduce using rule 102 (expr)


State 150

   90 expr: expr • '[' expr ']'
   91     | expr • '.' tok_id
   95     | expr • '(' optexprlist ')'
   97     | expr • '+' expr
   98     | expr • '-' expr
   99     | expr • '*' expr
  100     | expr • '/' expr
  101     | expr • '%' expr
  103     | expr • '&' expr
  104     | expr • '|' expr
  105     | expr • '^' expr
  106     | expr • TOK_LSHIFT expr
  107     | expr • TOK_RSHIFT expr
  108     | expr • TOK_EQUAL expr
  109     | expr • TOK_NEQ expr
  110     | expr • TOK_GE expr
  111     | expr • TOK_LE expr
  112     | expr • '>' expr
  113     | expr • '<' expr
  114     | '!' expr •
  115     | expr • TOK_AND expr
  116     | expr • TOK_OR expr
  117     | expr • '?' expr ':' expr

    '('  shift, and go to state 173
    '['  shift, and go to state 174
    '.'  shift, and go to state 175

    $default  reduce using rule 114 (expr)


State 151

   92 expr: TOK_SIZEOF '(' • tok_id ')'

    TOK_TYPE        shift, and go to state 18
    TOK_FUNCTION    shift, and go to state 19
    TOK_ID          shift, and go to state 20
    TOK_ANALYZER    shift, and go to state 21
    TOK_CONNECTION  shift, and go to state 22
    TOK_FLOW        shift, and go to state 23

    tok_id  go to state 220


State 152

   93 expr: TOK_OFFSETOF '(' • tok_id ')'

    TOK_TYPE        shift, and go to state 18
    TOK_FUNCTION    shift, and go to state 19
    TOK_ID          shift, and go to state 20
    TOK_ANALYZER    shift, and go to state 21
    TOK_CONNECTION  shift, and go to state 22
    TOK_FLOW        shift, and go to state 23

    tok_id  go to state 221


State 153

   90 expr: expr • '[' expr ']'
   91     | expr • '.' tok_id
   94     | '(' expr • ')'
   95     | expr • '(' optexprlist ')'
   97     | expr • '+' expr
   98     | expr • '-' expr
   99     | expr • '*' expr
  100     | expr • '/' expr
  101     | expr • '%' expr
  103     | expr • '&' expr
  104     | expr • '|' expr
  105     | expr • '^' expr
  106     | expr • TOK_LSHIFT expr
  107     | expr • TOK_RSHIFT expr
  108     | expr • TOK_EQUAL expr
  109     | expr • TOK_NEQ expr
  110     | expr • TOK_GE expr
  111     | expr • TOK_LE expr
  112     | expr • '>' expr
  113     | expr • '<' expr
  115     | expr • TOK_AND expr
  116     | expr • TOK_OR expr
  117     | expr • '?' expr ':' expr

    '?'         shift, and go to state 154
    TOK_OR      shift, and go to state 155
    TOK_AND     shift, and go to state 156
    TOK_EQUAL   shift, and go to state 157
    TOK_NEQ     shift, and go to state 158
    TOK_LE      shift, and go to state 159
    TOK_GE      shift, and go to state 160
    '<'         shift, and go to state 161
    '>'         shift, and go to state 162
    '&'         shift, and go to state 163
    '|'         shift, and go to state 164
    '^'         shift, and go to state 165
    TOK_LSHIFT  shift, and go to state 166
    TOK_RSHIFT  shift, and go to state 167
    '+'         shift, and go to state 168
    '-'         shift, and go to state 169
    '*'         shift, and go to state 170
    '/'         shift, and go to state 171
    '%'         shift, and go to state 172
    '('         shift, and go to state 173
    ')'         shift, and go to state 222
    '['         shift, and go to state 174
    '.'         shift, and go to state 175


State 154

  117 expr: expr '?' • expr ':' expr

    TOK_TYPE        shift, and go to state 18
    TOK_CASE        shift, and go to state 94
    TOK_FUNCTION    shift, and go to state 19
    TOK_ID          shift, and go to state 20
    TOK_NUMBER      shift, and go to state 95
    TOK_STRING      shift, and go to state 96
    TOK_BEGIN_RE    shift, and go to state 97
    TOK_ANALYZER    shift, and go to state 21
    TOK_CONNECTION  shift, and go to state 22
    TOK_FLOW        shift, and go to state 23
    '-'             shift, and go to state 98
    '~'             shift, and go to state 99
    '!'             shift, and go to state 100
    TOK_SIZEOF      shift, and go to state 101
    TOK_OFFSETOF    shift, and go to state 102
    '('             shift, and go to state 103

    tok_id  go to state 104
    expr    go to state 223
    cstr    go to state 106
    regex   go to state 107


State 155

  116 expr: expr TOK_OR • expr

    TOK_TYPE        shift, and go to state 18
    TOK_CASE        shift, and go to state 94
    TOK_FUNCTION    shift, and go to state 19
    TOK_ID          shift, and go to state 20
    TOK_NUMBER      shift, and go to state 95
    TOK_STRING      shift, and go to state 96
    TOK_BEGIN_RE    shift, and go to state 97
    TOK_ANALYZER    shift, and go to state 21
    TOK_CONNECTION  shift, and go to state 22
    TOK_FLOW        shift, and go to state 23
    '-'             shift, and go to state 98
    '~'             shift, and go to state 99
    '!'             shift, and go to state 100
    TOK_SIZEOF      shift, and go to state 101
    TOK_OFFSETOF    shift, and go to state 102
    '('             shift, and go to state 103

    tok_id  go to state 104
    expr    go to state 224
    cstr    go to state 106
    regex   go to state 107


State 156

  115 expr: expr TOK_AND • expr

    TOK_TYPE        shift, and go to state 18
    TOK_CASE        shift, and go to state 94
    TOK_FUNCTION    shift, and go to state 19
    TOK_ID          shift, and go to state 20
    TOK_NUMBER      shift, and go to state 95
    TOK_STRING      shift, and go to state 96
    TOK_BEGIN_RE    shift, and go to state 97
    TOK_ANALYZER    shift, and go to state 21
    TOK_CONNECTION  shift, and go to state 22
    TOK_FLOW        shift, and go to state 23
    '-'             shift, and go to state 98
    '~'             shift, and go to state 99
    '!'             shift, and go to state 100
    TOK_SIZEOF      shift, and go to state 101
    TOK_OFFSETOF    shift, and go to state 102
    '('             shift, and go to state 103

    tok_id  go to state 104
    expr    go to state 225
    cstr    go to state 106
    regex   go to state 107


State 157

  108 expr: expr TOK_EQUAL • expr

    TOK_TYPE        shift, and go to state 18
    TOK_CASE        shift, and go to state 94
    TOK_FUNCTION    shift, and go to state 19
    TOK_ID          shift, and go to state 20
    TOK_NUMBER      shift, and go to state 95
    TOK_STRING      shift, and go to state 96
    TOK_BEGIN_RE    shift, and go to state 97
    TOK_ANALYZER    shift, and go to state 21
    TOK_CONNECTION  shift, and go to state 22
    TOK_FLOW        shift, and go to state 23
    '-'             shift, and go to state 98
    '~'             shift, and go to state 99
    '!'             shift, and go to state 100
    TOK_SIZEOF      shift, and go to state 101
    TOK_OFFSETOF    shift, and go to state 102
    '('             shift, and go to state 103

    tok_id  go to state 104
    expr    go to state 226
    cstr    go to state 106
    regex   go to state 107


State 158

  109 expr: expr TOK_NEQ • expr

    TOK_TYPE        shift, and go to state 18
    TOK_CASE        shift, and go to state 94
    TOK_FUNCTION    shift, and go to state 19
    TOK_ID          shift, and go to state 20
    TOK_NUMBER      shift, and go to state 95
    TOK_STRING      shift, and go to state 96
    TOK_BEGIN_RE    shift, and go to state 97
    TOK_ANALYZER    shift, and go to state 21
    TOK_CONNECTION  shift, and go to state 22
    TOK_FLOW        shift, and go to state 23
    '-'             shift, and go to state 98
    '~'             shift, and go to state 99
    '!'             shift, and go to state 100
    TOK_SIZEOF      shift, and go to state 101
    TOK_OFFSETOF    shift, and go to state 102
    '('             shift, and go to state 103

    tok_id  go to state 104
    expr    go to state 227
    cstr    go to state 106
    regex   go to state 107


State 159

  111 expr: expr TOK_LE • expr

    TOK_TYPE        shift, and go to state 18
    TOK_CASE        shift, and go to state 94
    TOK_FUNCTION    shift, and go to state 19
    TOK_ID          shift, and go to state 20
    TOK_NUMBER      shift, and go to state 95
    TOK_STRING      shift, and go to state 96
    TOK_BEGIN_RE    shift, and go to state 97
    TOK_ANALYZER    shift, and go to state 21
    TOK_CONNECTION  shift, and go to state 22
    TOK_FLOW        shift, and go to state 23
    '-'             shift, and go to state 98
    '~'             shift, and go to state 99
    '!'             shift, and go to state 100
    TOK_SIZEOF      shift, and go to state 101
    TOK_OFFSETOF    shift, and go to state 102
    '('             shift, and go to state 103

    tok_id  go to state 104
    expr    go to state 228
    cstr    go to state 106
    regex   go to state 107


State 160

  110 expr: expr TOK_GE • expr

    TOK_TYPE        shift, and go to state 18
    TOK_CASE        shift, and go to state 94
    TOK_FUNCTION    shift, and go to state 19
    TOK_ID          shift, and go to state 20
    TOK_NUMBER      shift, and go to state 95
    TOK_STRING      shift, and go to state 96
    TOK_BEGIN_RE    shift, and go to state 97
    TOK_ANALYZER    shift, and go to state 21
    TOK_CONNECTION  shift, and go to state 22
    TOK_FLOW        shift, and go to state 23
    '-'             shift, and go to state 98
    '~'             shift, and go to state 99
    '!'             shift, and go to state 100
    TOK_SIZEOF      shift, and go to state 101
    TOK_OFFSETOF    shift, and go to state 102
    '('             shift, and go to state 103

    tok_id  go to state 104
    expr    go to state 229
    cstr    go to state 106
    regex   go to state 107


State 161

  113 expr: expr '<' • expr

    TOK_TYPE        shift, and go to state 18
    TOK_CASE        shift, and go to state 94
    TOK_FUNCTION    shift, and go to state 19
    TOK_ID          shift, and go to state 20
    TOK_NUMBER      shift, and go to state 95
    TOK_STRING      shift, and go to state 96
    TOK_BEGIN_RE    shift, and go to state 97
    TOK_ANALYZER    shift, and go to state 21
    TOK_CONNECTION  shift, and go to state 22
    TOK_FLOW        shift, and go to state 23
    '-'             shift, and go to state 98
    '~'             shift, and go to state 99
    '!'             shift, and go to state 100
    TOK_SIZEOF      shift, and go to state 101
    TOK_OFFSETOF    shift, and go to state 102
    '('             shift, and go to state 103

    tok_id  go to state 104
    expr    go to state 230
    cstr    go to state 106
    regex   go to state 107


State 162

  112 expr: expr '>' • expr

    TOK_TYPE        shift, and go to state 18
    TOK_CASE        shift, and go to state 94
    TOK_FUNCTION    shift, and go to state 19
    TOK_ID          shift, and go to state 20
    TOK_NUMBER      shift, and go to state 95
    TOK_STRING      shift, and go to state 96
    TOK_BEGIN_RE    shift, and go to state 97
    TOK_ANALYZER    shift, and go to state 21
    TOK_CONNECTION  shift, and go to state 22
    TOK_FLOW        shift, and go to state 23
    '-'             shift, and go to state 98
    '~'             shift, and go to state 99
    '!'             shift, and go to state 100
    TOK_SIZEOF      shift, and go to state 101
    TOK_OFFSETOF    shift, and go to state 102
    '('             shift, and go to state 103

    tok_id  go to state 104
    expr    go to state 231
    cstr    go to state 106
    regex   go to state 107


State 163

  103 expr: expr '&' • expr

    TOK_TYPE        shift, and go to state 18
    TOK_CASE        shift, and go to state 94
    TOK_FUNCTION    shift, and go to state 19
    TOK_ID          shift, and go to state 20
    TOK_NUMBER      shift, and go to state 95
    TOK_STRING      shift, and go to state 96
    TOK_BEGIN_RE    shift, and go to state 97
    TOK_ANALYZER    shift, and go to state 21
    TOK_CONNECTION  shift, and go to state 22
    TOK_FLOW        shift, and go to state 23
    '-'             shift, and go to state 98
    '~'             shift, and go to state 99
    '!'             shift, and go to state 100
    TOK_SIZEOF      shift, and go to state 101
    TOK_OFFSETOF    shift, and go to state 102
    '('             shift, and go to state 103

    tok_id  go to state 104
    expr    go to state 232
    cstr    go to state 106
    regex   go to state 107


State 164

  104 expr: expr '|' • expr

    TOK_TYPE        shift, and go to state 18
    TOK_CASE        shift, and go to state 94
    TOK_FUNCTION    shift, and go to state 19
    TOK_ID          shift, and go to state 20
    TOK_NUMBER      shift, and go to state 95
    TOK_STRING      shift, and go to state 96
    TOK_BEGIN_RE    shift, and go to state 97
    TOK_ANALYZER    shift, and go to state 21
    TOK_CONNECTION  shift, and go to state 22
    TOK_FLOW        shift, and go to state 23
    '-'             shift, and go to state 98
    '~'             shift, and go to state 99
    '!'             shift, and go to state 100
    TOK_SIZEOF      shift, and go to state 101
    TOK_OFFSETOF    shift, and go to state 102
    '('             shift, and go to state 103

    tok_id  go to state 104
    expr    go to state 233
    cstr    go to state 106
    regex   go to state 107


State 165

  105 expr: expr '^' • expr

    TOK_TYPE        shift, and go to state 18
    TOK_CASE        shift, and go to state 94
    TOK_FUNCTION    shift, and go to state 19
    TOK_ID          shift, and go to state 20
    TOK_NUMBER      shift, and go to state 95
    TOK_STRING      shift, and go to state 96
    TOK_BEGIN_RE    shift, and go to state 97
    TOK_ANALYZER    shift, and go to state 21
    TOK_CONNECTION  shift, and go to state 22
    TOK_FLOW        shift, and go to state 23
    '-'             shift, and go to state 98
    '~'             shift, and go to state 99
    '!'             shift, and go to state 100
    TOK_SIZEOF      shift, and go to state 101
    TOK_OFFSETOF    shift, and go to state 102
    '('             shift, and go to state 103

    tok_id  go to state 104
    expr    go to state 234
    cstr    go to state 106
    regex   go to state 107


State 166

  106 expr: expr TOK_LSHIFT • expr

    TOK_TYPE        shift, and go to state 18
    TOK_CASE        shift, and go to state 94
    TOK_FUNCTION    shift, and go to state 19
    TOK_ID          shift, and go to state 20
    TOK_NUMBER      shift, and go to state 95
    TOK_STRING      shift, and go to state 96
    TOK_BEGIN_RE    shift, and go to state 97
    TOK_ANALYZER    shift, and go to state 21
    TOK_CONNECTION  shift, and go to state 22
    TOK_FLOW        shift, and go to state 23
    '-'             shift, and go to state 98
    '~'             shift, and go to state 99
    '!'             shift, and go to state 100
    TOK_SIZEOF      shift, and go to state 101
    TOK_OFFSETOF    shift, and go to state 102
    '('             shift, and go to state 103

    tok_id  go to state 104
    expr    go to state 235
    cstr    go to state 106
    regex   go to state 107


State 167

  107 expr: expr TOK_RSHIFT • expr

    TOK_TYPE        shift, and go to state 18
    TOK_CASE        shift, and go to state 94
    TOK_FUNCTION    shift, and go to state 19
    TOK_ID          shift, and go to state 20
    TOK_NUMBER      shift, and go to state 95
    TOK_STRING      shift, and go to state 96
    TOK_BEGIN_RE    shift, and go to state 97
    TOK_ANALYZER    shift, and go to state 21
    TOK_CONNECTION  shift, and go to state 22
    TOK_FLOW        shift, and go to state 23
    '-'             shift, and go to state 98
    '~'             shift, and go to state 99
    '!'             shift, and go to state 100
    TOK_SIZEOF      shift, and go to state 101
    TOK_OFFSETOF    shift, and go to state 102
    '('             shift, and go to state 103

    tok_id  go to state 104
    expr    go to state 236
    cstr    go to state 106
    regex   go to state 107


State 168

   97 expr: expr '+' • expr

    TOK_TYPE        shift, and go to state 18
    TOK_CASE        shift, and go to state 94
    TOK_FUNCTION    shift, and go to state 19
    TOK_ID          shift, and go to state 20
    TOK_NUMBER      shift, and go to state 95
    TOK_STRING      shift, and go to state 96
    TOK_BEGIN_RE    shift, and go to state 97
    TOK_ANALYZER    shift, and go to state 21
    TOK_CONNECTION  shift, and go to state 22
    TOK_FLOW        shift, and go to state 23
    '-'             shift, and go to state 98
    '~'             shift, and go to state 99
    '!'             shift, and go to state 100
    TOK_SIZEOF      shift, and go to state 101
    TOK_OFFSETOF    shift, and go to state 102
    '('             shift, and go to state 103

    tok_id  go to state 104
    expr    go to state 237
    cstr    go to state 106
    regex   go to state 107


State 169

   98 expr: expr '-' • expr

    TOK_TYPE        shift, and go to state 18
    TOK_CASE        shift, and go to state 94
    TOK_FUNCTION    shift, and go to state 19
    TOK_ID          shift, and go to state 20
    TOK_NUMBER      shift, and go to state 95
    TOK_STRING      shift, and go to state 96
    TOK_BEGIN_RE    shift, and go to state 97
    TOK_ANALYZER    shift, and go to state 21
    TOK_CONNECTION  shift, and go to state 22
    TOK_FLOW        shift, and go to state 23
    '-'             shift, and go to state 98
    '~'             shift, and go to state 99
    '!'             shift, and go to state 100
    TOK_SIZEOF      shift, and go to state 101
    TOK_OFFSETOF    shift, and go to state 102
    '('             shift, and go to state 103

    tok_id  go to state 104
    expr    go to state 238
    cstr    go to state 106
    regex   go to state 107


State 170

   99 expr: expr '*' • expr

    TOK_TYPE        shift, and go to state 18
    TOK_CASE        shift, and go to state 94
    TOK_FUNCTION    shift, and go to state 19
    TOK_ID          shift, and go to state 20
    TOK_NUMBER      shift, and go to state 95
    TOK_STRING      shift, and go to state 96
    TOK_BEGIN_RE    shift, and go to state 97
    TOK_ANALYZER    shift, and go to state 21
    TOK_CONNECTION  shift, and go to state 22
    TOK_FLOW        shift, and go to state 23
    '-'             shift, and go to state 98
    '~'             shift, and go to state 99
    '!'             shift, and go to state 100
    TOK_SIZEOF      shift, and go to state 101
    TOK_OFFSETOF    shift, and go to state 102
    '('             shift, and go to state 103

    tok_id  go to state 104
    expr    go to state 239
    cstr    go to state 106
    regex   go to state 107


State 171

  100 expr: expr '/' • expr

    TOK_TYPE        shift, and go to state 18
    TOK_CASE        shift, and go to state 94
    TOK_FUNCTION    shift, and go to state 19
    TOK_ID          shift, and go to state 20
    TOK_NUMBER      shift, and go to state 95
    TOK_STRING      shift, and go to state 96
    TOK_BEGIN_RE    shift, and go to state 97
    TOK_ANALYZER    shift, and go to state 21
    TOK_CONNECTION  shift, and go to state 22
    TOK_FLOW        shift, and go to state 23
    '-'             shift, and go to state 98
    '~'             shift, and go to state 99
    '!'             shift, and go to state 100
    TOK_SIZEOF      shift, and go to state 101
    TOK_OFFSETOF    shift, and go to state 102
    '('             shift, and go to state 103

    tok_id  go to state 104
    expr    go to state 240
    cstr    go to state 106
    regex   go to state 107


State 172

  101 expr: expr '%' • expr

    TOK_TYPE        shift, and go to state 18
    TOK_CASE        shift, and go to state 94
    TOK_FUNCTION    shift, and go to state 19
    TOK_ID          shift, and go to state 20
    TOK_NUMBER      shift, and go to state 95
    TOK_STRING      shift, and go to state 96
    TOK_BEGIN_RE    shift, and go to state 97
    TOK_ANALYZER    shift, and go to state 21
    TOK_CONNECTION  shift, and go to state 22
    TOK_FLOW        shift, and go to state 23
    '-'             shift, and go to state 98
    '~'             shift, and go to state 99
    '!'             shift, and go to state 100
    TOK_SIZEOF      shift, and go to state 101
    TOK_OFFSETOF    shift, and go to state 102
    '('             shift, and go to state 103

    tok_id  go to state 104
    expr    go to state 241
    cstr    go to state 106
    regex   go to state 107


State 173

   95 expr: expr '(' • optexprlist ')'

    TOK_TYPE        shift, and go to state 18
    TOK_CASE        shift, and go to state 94
    TOK_FUNCTION    shift, and go to state 19
    TOK_ID          shift, and go to state 20
    TOK_NUMBER      shift, and go to state 95
    TOK_STRING      shift, and go to state 96
    TOK_BEGIN_RE    shift, and go to state 97
    TOK_ANALYZER    shift, and go to state 21
    TOK_CONNECTION  shift, and go to state 22
    TOK_FLOW        shift, and go to state 23
    '-'             shift, and go to state 98
    '~'             shift, and go to state 99
    '!'             shift, and go to state 100
    TOK_SIZEOF      shift, and go to state 101
    TOK_OFFSETOF    shift, and go to state 102
    '('             shift, and go to state 103

    $default  reduce using rule 84 (optexprlist)

    tok_id       go to state 104
    optexprlist  go to state 242
    exprlist     go to state 182
    expr         go to state 183
    cstr         go to state 106
    regex        go to state 107


State 174

   90 expr: expr '[' • expr ']'

    TOK_TYPE        shift, and go to state 18
    TOK_CASE        shift, and go to state 94
    TOK_FUNCTION    shift, and go to state 19
    TOK_ID          shift, and go to state 20
    TOK_NUMBER      shift, and go to state 95
    TOK_STRING      shift, and go to state 96
    TOK_BEGIN_RE    shift, and go to state 97
    TOK_ANALYZER    shift, and go to state 21
    TOK_CONNECTION  shift, and go to state 22
    TOK_FLOW        shift, and go to state 23
    '-'             shift, and go to state 98
    '~'             shift, and go to state 99
    '!'             shift, and go to state 100
    TOK_SIZEOF      shift, and go to state 101
    TOK_OFFSETOF    shift, and go to state 102
    '('             shift, and go to state 103

    tok_id  go to state 104
    expr    go to state 243
    cstr    go to state 106
    regex   go to state 107


State 175

   91 expr: expr '.' • tok_id

    TOK_TYPE        shift, and go to state 18
    TOK_FUNCTION    shift, and go to state 19
    TOK_ID          shift, and go to state 20
    TOK_ANALYZER    shift, and go to state 21
    TOK_CONNECTION  shift, and go to state 22
    TOK_FLOW        shift, and go to state 23

    tok_id  go to state 244


State 176

   90 expr: expr • '[' expr ']'
   91     | expr • '.' tok_id
   95     | expr • '(' optexprlist ')'
   97     | expr • '+' expr
   98     | expr • '-' expr
   99     | expr • '*' expr
  100     | expr • '/' expr
  101     | expr • '%' expr
  103     | expr • '&' expr
  104     | expr • '|' expr
  105     | expr • '^' expr
  106     | expr • TOK_LSHIFT expr
  107     | expr • TOK_RSHIFT expr
  108     | expr • TOK_EQUAL expr
  109     | expr • TOK_NEQ expr
  110     | expr • TOK_GE expr
  111     | expr • TOK_LE expr
  112     | expr • '>' expr
  113     | expr • '<' expr
  115     | expr • TOK_AND expr
  116     | expr • TOK_OR expr
  117     | expr • '?' expr ':' expr
  180 attr: TOK_ATTR_LENGTH '=' expr •

    '?'         shift, and go to state 154
    TOK_OR      shift, and go to state 155
    TOK_AND     shift, and go to state 156
    TOK_EQUAL   shift, and go to state 157
    TOK_NEQ     shift, and go to state 158
    TOK_LE      shift, and go to state 159
    TOK_GE      shift, and go to state 160
    '<'         shift, and go to state 161
    '>'         shift, and go to state 162
    '&'         shift, and go to state 163
    '|'         shift, and go to state 164
    '^'         shift, and go to state 165
    TOK_LSHIFT  shift, and go to state 166
    TOK_RSHIFT  shift, and go to state 167
    '+'         shift, and go to state 168
    '-'         shift, and go to state 169
    '*'         shift, and go to state 170
    '/'         shift, and go to state 171
    '%'         shift, and go to state 172
    '('         shift, and go to state 173
    '['         shift, and go to state 174
    '.'         shift, and go to state 175

    $default  reduce using rule 180 (attr)


State 177

  162 letfieldlist: letfieldlist • letfield ';'
  163             | letfieldlist • withinputfield ';'
  181 attr: TOK_ATTR_LET '{' letfieldlist • '}'

    TOK_TYPE        shift, and go to state 18
    TOK_FUNCTION    shift, and go to state 19
    TOK_ID          shift, and go to state 20
    TOK_ANALYZER    shift, and go to state 21
    TOK_CONNECTION  shift, and go to state 22
    TOK_FLOW        shift, and go to state 23
    '}'             shift, and go to state 245

    tok_id          go to state 246
    letfield        go to state 247
    withinputfield  go to state 248


State 178

   90 expr: expr • '[' expr ']'
   91     | expr • '.' tok_id
   95     | expr • '(' optexprlist ')'
   97     | expr • '+' expr
   98     | expr • '-' expr
   99     | expr • '*' expr
  100     | expr • '/' expr
  101     | expr • '%' expr
  103     | expr • '&' expr
  104     | expr • '|' expr
  105     | expr • '^' expr
  106     | expr • TOK_LSHIFT expr
  107     | expr • TOK_RSHIFT expr
  108     | expr • TOK_EQUAL expr
  109     | expr • TOK_NEQ expr
  110     | expr • TOK_GE expr
  111     | expr • TOK_LE expr
  112     | expr • '>' expr
  113     | expr • '<' expr
  115     | expr • TOK_AND expr
  116     | expr • TOK_OR expr
  117     | expr • '?' expr ':' expr
  182 attr: TOK_ATTR_LINEBREAKER '=' expr •

    '?'         shift, and go to state 154
    TOK_OR      shift, and go to state 155
    TOK_AND     shift, and go to state 156
    TOK_EQUAL   shift, and go to state 157
    TOK_NEQ     shift, and go to state 158
    TOK_LE      shift, and go to state 159
    TOK_GE      shift, and go to state 160
    '<'         shift, and go to state 161
    '>'         shift, and go to state 162
    '&'         shift, and go to state 163
    '|'         shift, and go to state 164
    '^'         shift, and go to state 165
    TOK_LSHIFT  shift, and go to state 166
    TOK_RSHIFT  shift, and go to state 167
    '+'         shift, and go to state 168
    '-'         shift, and go to state 169
    '*'         shift, and go to state 170
    '/'         shift, and go to state 171
    '%'         shift, and go to state 172
    '('         shift, and go to state 173
    '['         shift, and go to state 174
    '.'         shift, and go to state 175

    $default  reduce using rule 182 (attr)


State 179

   90 expr: expr • '[' expr ']'
   91     | expr • '.' tok_id
   95     | expr • '(' optexprlist ')'
   97     | expr • '+' expr
   98     | expr • '-' expr
   99     | expr • '*' expr
  100     | expr • '/' expr
  101     | expr • '%' expr
  103     | expr • '&' expr
  104     | expr • '|' expr
  105     | expr • '^' expr
  106     | expr • TOK_LSHIFT expr
  107     | expr • TOK_RSHIFT expr
  108     | expr • TOK_EQUAL expr
  109     | expr • TOK_NEQ expr
  110     | expr • TOK_GE expr
  111     | expr • TOK_LE expr
  112     | expr • '>' expr
  113     | expr • '<' expr
  115     | expr • TOK_AND expr
  116     | expr • TOK_OR expr
  117     | expr • '?' expr ':' expr
  183 attr: TOK_ATTR_MULTILINE '(' expr • ')'

    '?'         shift, and go to state 154
    TOK_OR      shift, and go to state 155
    TOK_AND     shift, and go to state 156
    TOK_EQUAL   shift, and go to state 157
    TOK_NEQ     shift, and go to state 158
    TOK_LE      shift, and go to state 159
    TOK_GE      shift, and go to state 160
    '<'         shift, and go to state 161
    '>'         shift, and go to state 162
    '&'         shift, and go to state 163
    '|'         shift, and go to state 164
    '^'         shift, and go to state 165
    TOK_LSHIFT  shift, and go to state 166
    TOK_RSHIFT  shift, and go to state 167
    '+'         shift, and go to state 168
    '-'         shift, and go to state 169
    '*'         shift, and go to state 170
    '/'         shift, and go to state 171
    '%'         shift, and go to state 172
    '('         shift, and go to state 173
    ')'         shift, and go to state 249
    '['         shift, and go to state 174
    '.'         shift, and go to state 175


State 180

   90 expr: expr • '[' expr ']'
   91     | expr • '.' tok_id
   95     | expr • '(' optexprlist ')'
   97     | expr • '+' expr
   98     | expr • '-' expr
   99     | expr • '*' expr
  100     | expr • '/' expr
  101     | expr • '%' expr
  103     | expr • '&' expr
  104     | expr • '|' expr
  105     | expr • '^' expr
  106     | expr • TOK_LSHIFT expr
  107     | expr • TOK_RSHIFT expr
  108     | expr • TOK_EQUAL expr
  109     | expr • TOK_NEQ expr
  110     | expr • TOK_GE expr
  111     | expr • TOK_LE expr
  112     | expr • '>' expr
  113     | expr • '<' expr
  115     | expr • TOK_AND expr
  116     | expr • TOK_OR expr
  117     | expr • '?' expr ':' expr
  192 optlinebreaker: '(' expr • ')'

    '?'         shift, and go to state 154
    TOK_OR      shift, and go to state 155
    TOK_AND     shift, and go to state 156
    TOK_EQUAL   shift, and go to state 157
    TOK_NEQ     shift, and go to state 158
    TOK_LE      shift, and go to state 159
    TOK_GE      shift, and go to state 160
    '<'         shift, and go to state 161
    '>'         shift, and go to state 162
    '&'         shift, and go to state 163
    '|'         shift, and go to state 164
    '^'         shift, and go to state 165
    TOK_LSHIFT  shift, and go to state 166
    TOK_RSHIFT  shift, and go to state 167
    '+'         shift, and go to state 168
    '-'         shift, and go to state 169
    '*'         shift, and go to state 170
    '/'         shift, and go to state 171
    '%'         shift, and go to state 172
    '('         shift, and go to state 173
    ')'         shift, and go to state 250
    '['         shift, and go to state 174
    '.'         shift, and go to state 175


State 181

  186 attr: TOK_ATTR_REQUIRES '(' optexprlist • ')'

    ')'  shift, and go to state 251


State 182

   85 optexprlist: exprlist •
   86 exprlist: exprlist • ',' expr

    ','  shift, and go to state 252

    $default  reduce using rule 85 (optexprlist)


State 183

   87 exprlist: expr •
   90 expr: expr • '[' expr ']'
   91     | expr • '.' tok_id
   95     | expr • '(' optexprlist ')'
   97     | expr • '+' expr
   98     | expr • '-' expr
   99     | expr • '*' expr
  100     | expr • '/' expr
  101     | expr • '%' expr
  103     | expr • '&' expr
  104     | expr • '|' expr
  105     | expr • '^' expr
  106     | expr • TOK_LSHIFT expr
  107     | expr • TOK_RSHIFT expr
  108     | expr • TOK_EQUAL expr
  109     | expr • TOK_NEQ expr
  110     | expr • TOK_GE expr
  111     | expr • TOK_LE expr
  112     | expr • '>' expr
  113     | expr • '<' expr
  115     | expr • TOK_AND expr
  116     | expr • TOK_OR expr
  117     | expr • '?' expr ':' expr

    '?'         shift, and go to state 154
    TOK_OR      shift, and go to state 155
    TOK_AND     shift, and go to state 156
    TOK_EQUAL   shift, and go to state 157
    TOK_NEQ     shift, and go to state 158
    TOK_LE      shift, and go to state 159
    TOK_GE      shift, and go to state 160
    '<'         shift, and go to state 161
    '>'         shift, and go to state 162
    '&'         shift, and go to state 163
    '|'         shift, and go to state 164
    '^'         shift, and go to state 165
    TOK_LSHIFT  shift, and go to state 166
    TOK_RSHIFT  shift, and go to state 167
    '+'         shift, and go to state 168
    '-'         shift, and go to state 169
    '*'         shift, and go to state 170
    '/'         shift, and go to state 171
    '%'         shift, and go to state 172
    '('         shift, and go to state 173
    '['         shift, and go to state 174
    '.'         shift, and go to state 175

    $default  reduce using rule 87 (exprlist)


State 184

  170 attrlist: attrlist optcomma attr •

    $default  reduce using rule 170 (attrlist)


State 185

   47 optparams: '(' paramlist • ')'
   49 paramlist: paramlist • ',' param

    ','  shift, and go to state 200
    ')'  shift, and go to state 253


State 186

    6 decl_with_attr: TOK_TYPE tok_id $@1 optparams '=' • type

    TOK_TYPE        shift, and go to state 18
    TOK_RECORD      shift, and go to state 254
    TOK_CASE        shift, and go to state 191
    TOK_FUNCTION    shift, and go to state 19
    TOK_ID          shift, and go to state 20
    TOK_STRING      shift, and go to state 96
    TOK_BEGIN_RE    shift, and go to state 97
    TOK_ANALYZER    shift, and go to state 21
    TOK_CONNECTION  shift, and go to state 22
    TOK_FLOW        shift, and go to state 23

    tok_id  go to state 192
    type    go to state 255
    type3   go to state 256
    type2   go to state 257
    type1   go to state 194
    cstr    go to state 195
    regex   go to state 196


State 187

  131 enumitem: tok_id •
  132         | tok_id • '=' expr

    '='  shift, and go to state 258

    $default  reduce using rule 131 (enumitem)


State 188

   11 decl_with_attr: TOK_ENUM tok_id $@3 '{' enumlist • '}'

    '}'  shift, and go to state 259


State 189

  127 enumlist: enumlist1 •
  128         | enumlist1 • ','
  129 enumlist1: enumlist1 • ',' enumitem

    ','  shift, and go to state 260

    $default  reduce using rule 127 (enumlist)


State 190

  130 enumlist1: enumitem •

    $default  reduce using rule 130 (enumlist1)


State 191

   63 type2: TOK_CASE • caseindex TOK_OF '{' casefieldlist '}'

    TOK_TYPE        shift, and go to state 18
    TOK_CASE        shift, and go to state 94
    TOK_FUNCTION    shift, and go to state 19
    TOK_ID          shift, and go to state 20
    TOK_NUMBER      shift, and go to state 95
    TOK_STRING      shift, and go to state 96
    TOK_BEGIN_RE    shift, and go to state 97
    TOK_ANALYZER    shift, and go to state 21
    TOK_CONNECTION  shift, and go to state 22
    TOK_FLOW        shift, and go to state 23
    '-'             shift, and go to state 98
    '~'             shift, and go to state 99
    '!'             shift, and go to state 100
    TOK_SIZEOF      shift, and go to state 101
    TOK_OFFSETOF    shift, and go to state 102
    '('             shift, and go to state 103

    tok_id     go to state 104
    caseindex  go to state 261
    expr       go to state 262
    cstr       go to state 106
    regex      go to state 107


State 192

   64 type1: tok_id •
   65      | tok_id • '(' exprlist ')'

    '('  shift, and go to state 263

    $default  reduce using rule 64 (type1)


State 193

   56 opttype: ':' type2 •

    $default  reduce using rule 56 (opttype)


State 194

   60 type2: type1 •
   61      | type1 • '[' expr ']'
   62      | type1 • '[' ']'

    '['  shift, and go to state 264

    $default  reduce using rule 60 (type2)


State 195

   67 type1: cstr •

    $default  reduce using rule 67 (type1)


State 196

   66 type1: regex •

    $default  reduce using rule 66 (type1)


State 197

   54 optinit: '=' • expr

    TOK_TYPE        shift, and go to state 18
    TOK_CASE        shift, and go to state 94
    TOK_FUNCTION    shift, and go to state 19
    TOK_ID          shift, and go to state 20
    TOK_NUMBER      shift, and go to state 95
    TOK_STRING      shift, and go to state 96
    TOK_BEGIN_RE    shift, and go to state 97
    TOK_ANALYZER    shift, and go to state 21
    TOK_CONNECTION  shift, and go to state 22
    TOK_FLOW        shift, and go to state 23
    '-'             shift, and go to state 98
    '~'             shift, and go to state 99
    '!'             shift, and go to state 100
    TOK_SIZEOF      shift, and go to state 101
    TOK_OFFSETOF    shift, and go to state 102
    '('             shift, and go to state 103

    tok_id  go to state 104
    expr    go to state 265
    cstr    go to state 106
    regex   go to state 107


State 198

    8 decl_with_attr: TOK_LET tok_id $@2 opttype optinit •

    $default  reduce using rule 8 (decl_with_attr)


State 199

   52 param: tok_id ':' • type2

    TOK_TYPE        shift, and go to state 18
    TOK_CASE        shift, and go to state 191
    TOK_FUNCTION    shift, and go to state 19
    TOK_ID          shift, and go to state 20
    TOK_STRING      shift, and go to state 96
    TOK_BEGIN_RE    shift, and go to state 97
    TOK_ANALYZER    shift, and go to state 21
    TOK_CONNECTION  shift, and go to state 22
    TOK_FLOW        shift, and go to state 23

    tok_id  go to state 192
    type2   go to state 266
    type1   go to state 194
    cstr    go to state 195
    regex   go to state 196


State 200

   49 paramlist: paramlist ',' • param

    TOK_TYPE        shift, and go to state 18
    TOK_FUNCTION    shift, and go to state 19
    TOK_ID          shift, and go to state 20
    TOK_ANALYZER    shift, and go to state 21
    TOK_CONNECTION  shift, and go to state 22
    TOK_FLOW        shift, and go to state 23

    tok_id  go to state 125
    param   go to state 267


State 201

   43 funcproto: tok_id '(' paramlist ')' • ':' type2

    ':'  shift, and go to state 268


State 202

   45 function: funcproto TOK_LPB embedded_code TOK_RPB •

    $default  reduce using rule 45 (function)


State 203

   23 decl_with_attr: TOK_REFINE TOK_CASEFUNC tok_id TOK_PLUSEQ '{' • caseexprlist '}'

    $default  reduce using rule 123 (caseexprlist)

    caseexprlist  go to state 269


State 204

   22 decl_with_attr: TOK_REFINE TOK_CASETYPE tok_id TOK_PLUSEQ '{' • casefieldlist '}'

    $default  reduce using rule 80 (casefieldlist)

    casefieldlist  go to state 270


State 205

   30 decl_without_attr: TOK_REFINE TOK_TYPEATTR tok_id TOK_PLUSEQ attrlist •
  170 attrlist: attrlist • optcomma attr

    ','  shift, and go to state 118

    $end            reduce using rule 30 (decl_without_attr)
    TOK_TYPE        reduce using rule 30 (decl_without_attr)
    TOK_ENUM        reduce using rule 30 (decl_without_attr)
    TOK_LET         reduce using rule 30 (decl_without_attr)
    TOK_FUNCTION    reduce using rule 30 (decl_without_attr)
    TOK_REFINE      reduce using rule 30 (decl_without_attr)
    TOK_ANALYZER    reduce using rule 30 (decl_without_attr)
    TOK_CONNECTION  reduce using rule 30 (decl_without_attr)
    TOK_FLOW        reduce using rule 30 (decl_without_attr)
    TOK_LPB_EXTERN  reduce using rule 30 (decl_without_attr)
    TOK_LPB_HEADER  reduce using rule 30 (decl_without_attr)
    TOK_LPB_CODE    reduce using rule 30 (decl_without_attr)
    TOK_EXTERN      reduce using rule 30 (decl_without_attr)
    ';'             reduce using rule 30 (decl_without_attr)
    $default        reduce using rule 172 (optcomma)

    optcomma  go to state 119


State 206

   24 decl_with_attr: TOK_REFINE TOK_ANALYZER tok_id TOK_PLUSEQ '{' • sahlist '}'

    $default  reduce using rule 135 (sahlist)

    sahlist  go to state 271


State 207

   25 decl_with_attr: TOK_REFINE TOK_CONNECTION tok_id TOK_PLUSEQ '{' • sahlist '}'

    $default  reduce using rule 135 (sahlist)

    sahlist  go to state 272


State 208

   26 decl_with_attr: TOK_REFINE TOK_FLOW tok_id TOK_PLUSEQ '{' • sahlist '}'

    $default  reduce using rule 135 (sahlist)

    sahlist  go to state 273


State 209

   39 analyzercontext: '{' • contextfieldlist '}'

    $default  reduce using rule 41 (contextfieldlist)

    contextfieldlist  go to state 274


State 210

   15 decl_with_attr: TOK_ANALYZER tok_id $@5 TOK_WITHCONTEXT analyzercontext •

    $default  reduce using rule 15 (decl_with_attr)


State 211

   17 decl_with_attr: TOK_ANALYZER tok_id $@6 optparams '{' • conn '}'

    $default  reduce using rule 135 (sahlist)

    conn     go to state 275
    sahlist  go to state 276


State 212

   19 decl_with_attr: TOK_CONNECTION tok_id $@7 optparams '{' • conn '}'

    $default  reduce using rule 135 (sahlist)

    conn     go to state 277
    sahlist  go to state 276


State 213

   21 decl_with_attr: TOK_FLOW tok_id $@8 optparams '{' • flow '}'

    $default  reduce using rule 135 (sahlist)

    flow     go to state 278
    sahlist  go to state 279


State 214

  156 embedded_pac_primitive: TOK_PAC_VAL expr TOK_END_PAC •

    $default  reduce using rule 156 (embedded_pac_primitive)


State 215

  157 embedded_pac_primitive: TOK_PAC_SET expr TOK_END_PAC •

    $default  reduce using rule 157 (embedded_pac_primitive)


State 216

  158 embedded_pac_primitive: TOK_PAC_TYPE expr TOK_END_PAC •

    $default  reduce using rule 158 (embedded_pac_primitive)


State 217

  159 embedded_pac_primitive: TOK_PAC_CONST_DEF tok_id '=' • expr TOK_END_PAC

    TOK_TYPE        shift, and go to state 18
    TOK_CASE        shift, and go to state 94
    TOK_FUNCTION    shift, and go to state 19
    TOK_ID          shift, and go to state 20
    TOK_NUMBER      shift, and go to state 95
    TOK_STRING      shift, and go to state 96
    TOK_BEGIN_RE    shift, and go to state 97
    TOK_ANALYZER    shift, and go to state 21
    TOK_CONNECTION  shift, and go to state 22
    TOK_FLOW        shift, and go to state 23
    '-'             shift, and go to state 98
    '~'             shift, and go to state 99
    '!'             shift, and go to state 100
    TOK_SIZEOF      shift, and go to state 101
    TOK_OFFSETOF    shift, and go to state 102
    '('             shift, and go to state 103

    tok_id  go to state 104
    expr    go to state 280
    cstr    go to state 106
    regex   go to state 107


State 218

  118 expr: TOK_CASE expr TOK_OF • '{' caseexprlist '}'

    '{'  shift, and go to state 281


State 219

  122 regex: TOK_BEGIN_RE TOK_REGEX TOK_END_RE •

    $default  reduce using rule 122 (regex)


State 220

   92 expr: TOK_SIZEOF '(' tok_id • ')'

    ')'  shift, and go to state 282


State 221

   93 expr: TOK_OFFSETOF '(' tok_id • ')'

    ')'  shift, and go to state 283


State 222

   94 expr: '(' expr ')' •

    $default  reduce using rule 94 (expr)


State 223

   90 expr: expr • '[' expr ']'
   91     | expr • '.' tok_id
   95     | expr • '(' optexprlist ')'
   97     | expr • '+' expr
   98     | expr • '-' expr
   99     | expr • '*' expr
  100     | expr • '/' expr
  101     | expr • '%' expr
  103     | expr • '&' expr
  104     | expr • '|' expr
  105     | expr • '^' expr
  106     | expr • TOK_LSHIFT expr
  107     | expr • TOK_RSHIFT expr
  108     | expr • TOK_EQUAL expr
  109     | expr • TOK_NEQ expr
  110     | expr • TOK_GE expr
  111     | expr • TOK_LE expr
  112     | expr • '>' expr
  113     | expr • '<' expr
  115     | expr • TOK_AND expr
  116     | expr • TOK_OR expr
  117     | expr • '?' expr ':' expr
  117     | expr '?' expr • ':' expr

    '?'         shift, and go to state 154
    ':'         shift, and go to state 284
    TOK_OR      shift, and go to state 155
    TOK_AND     shift, and go to state 156
    TOK_EQUAL   shift, and go to state 157
    TOK_NEQ     shift, and go to state 158
    TOK_LE      shift, and go to state 159
    TOK_GE      shift, and go to state 160
    '<'         shift, and go to state 161
    '>'         shift, and go to state 162
    '&'         shift, and go to state 163
    '|'         shift, and go to state 164
    '^'         shift, and go to state 165
    TOK_LSHIFT  shift, and go to state 166
    TOK_RSHIFT  shift, and go to state 167
    '+'         shift, and go to state 168
    '-'         shift, and go to state 169
    '*'         shift, and go to state 170
    '/'         shift, and go to state 171
    '%'         shift, and go to state 172
    '('         shift, and go to state 173
    '['         shift, and go to state 174
    '.'         shift, and go to state 175


State 224

   90 expr: expr • '[' expr ']'
   91     | expr • '.' tok_id
   95     | expr • '(' optexprlist ')'
   97     | expr • '+' expr
   98     | expr • '-' expr
   99     | expr • '*' expr
  100     | expr • '/' expr
  101     | expr • '%' expr
  103     | expr • '&' expr
  104     | expr • '|' expr
  105     | expr • '^' expr
  106     | expr • TOK_LSHIFT expr
  107     | expr • TOK_RSHIFT expr
  108     | expr • TOK_EQUAL expr
  109     | expr • TOK_NEQ expr
  110     | expr • TOK_GE expr
  111     | expr • TOK_LE expr
  112     | expr • '>' expr
  113     | expr • '<' expr
  115     | expr • TOK_AND expr
  116     | expr • TOK_OR expr
  116     | expr TOK_OR expr •
  117     | expr • '?' expr ':' expr

    TOK_AND     shift, and go to state 156
    TOK_EQUAL   shift, and go to state 157
    TOK_NEQ     shift, and go to state 158
    TOK_LE      shift, and go to state 159
    TOK_GE      shift, and go to state 160
    '<'         shift, and go to state 161
    '>'         shift, and go to state 162
    '&'         shift, and go to state 163
    '|'         shift, and go to state 164
    '^'         shift, and go to state 165
    TOK_LSHIFT  shift, and go to state 166
    TOK_RSHIFT  shift, and go to state 167
    '+'         shift, and go to state 168
    '-'         shift, and go to state 169
    '*'         shift, and go to state 170
    '/'         shift, and go to state 171
    '%'         shift, and go to state 172
    '('         shift, and go to state 173
    '['         shift, and go to state 174
    '.'         shift, and go to state 175

    $default  reduce using rule 116 (expr)


State 225

   90 expr: expr • '[' expr ']'
   91     | expr • '.' tok_id
   95     | expr • '(' optexprlist ')'
   97     | expr • '+' expr
   98     | expr • '-' expr
   99     | expr • '*' expr
  100     | expr • '/' expr
  101     | expr • '%' expr
  103     | expr • '&' expr
  104     | expr • '|' expr
  105     | expr • '^' expr
  106     | expr • TOK_LSHIFT expr
  107     | expr • TOK_RSHIFT expr
  108     | expr • TOK_EQUAL expr
  109     | expr • TOK_NEQ expr
  110     | expr • TOK_GE expr
  111     | expr • TOK_LE expr
  112     | expr • '>' expr
  113     | expr • '<' expr
  115     | expr • TOK_AND expr
  115     | expr TOK_AND expr •
  116     | expr • TOK_OR expr
  117     | expr • '?' expr ':' expr

    TOK_EQUAL   shift, and go to state 157
    TOK_NEQ     shift, and go to state 158
    TOK_LE      shift, and go to state 159
    TOK_GE      shift, and go to state 160
    '<'         shift, and go to state 161
    '>'         shift, and go to state 162
    '&'         shift, and go to state 163
    '|'         shift, and go to state 164
    '^'         shift, and go to state 165
    TOK_LSHIFT  shift, and go to state 166
    TOK_RSHIFT  shift, and go to state 167
    '+'         shift, and go to state 168
    '-'         shift, and go to state 169
    '*'         shift, and go to state 170
    '/'         shift, and go to state 171
    '%'         shift, and go to state 172
    '('         shift, and go to state 173
    '['         shift, and go to state 174
    '.'         shift, and go to state 175

    $default  reduce using rule 115 (expr)


State 226

   90 expr: expr • '[' expr ']'
   91     | expr • '.' tok_id
   95     | expr • '(' optexprlist ')'
   97     | expr • '+' expr
   98     | expr • '-' expr
   99     | expr • '*' expr
  100     | expr • '/' expr
  101     | expr • '%' expr
  103     | expr • '&' expr
  104     | expr • '|' expr
  105     | expr • '^' expr
  106     | expr • TOK_LSHIFT expr
  107     | expr • TOK_RSHIFT expr
  108     | expr • TOK_EQUAL expr
  108     | expr TOK_EQUAL expr •
  109     | expr • TOK_NEQ expr
  110     | expr • TOK_GE expr
  111     | expr • TOK_LE expr
  112     | expr • '>' expr
  113     | expr • '<' expr
  115     | expr • TOK_AND expr
  116     | expr • TOK_OR expr
  117     | expr • '?' expr ':' expr

    '&'         shift, and go to state 163
    '|'         shift, and go to state 164
    '^'         shift, and go to state 165
    TOK_LSHIFT  shift, and go to state 166
    TOK_RSHIFT  shift, and go to state 167
    '+'         shift, and go to state 168
    '-'         shift, and go to state 169
    '*'         shift, and go to state 170
    '/'         shift, and go to state 171
    '%'         shift, and go to state 172
    '('         shift, and go to state 173
    '['         shift, and go to state 174
    '.'         shift, and go to state 175

    TOK_EQUAL  error (nonassociative)
    TOK_NEQ    error (nonassociative)
    TOK_LE     error (nonassociative)
    TOK_GE     error (nonassociative)
    '<'        error (nonassociative)
    '>'        error (nonassociative)

    $default  reduce using rule 108 (expr)


State 227

   90 expr: expr • '[' expr ']'
   91     | expr • '.' tok_id
   95     | expr • '(' optexprlist ')'
   97     | expr • '+' expr
   98     | expr • '-' expr
   99     | expr • '*' expr
  100     | expr • '/' expr
  101     | expr • '%' expr
  103     | expr • '&' expr
  104     | expr • '|' expr
  105     | expr • '^' expr
  106     | expr • TOK_LSHIFT expr
  107     | expr • TOK_RSHIFT expr
  108     | expr • TOK_EQUAL expr
  109     | expr • TOK_NEQ expr
  109     | expr TOK_NEQ expr •
  110     | expr • TOK_GE expr
  111     | expr • TOK_LE expr
  112     | expr • '>' expr
  113     | expr • '<' expr
  115     | expr • TOK_AND expr
  116     | expr • TOK_OR expr
  117     | expr • '?' expr ':' expr

    '&'         shift, and go to state 163
    '|'         shift, and go to state 164
    '^'         shift, and go to state 165
    TOK_LSHIFT  shift, and go to state 166
    TOK_RSHIFT  shift, and go to state 167
    '+'         shift, and go to state 168
    '-'         shift, and go to state 169
    '*'         shift, and go to state 170
    '/'         shift, and go to state 171
    '%'         shift, and go to state 172
    '('         shift, and go to state 173
    '['         shift, and go to state 174
    '.'         shift, and go to state 175

    TOK_EQUAL  error (nonassociative)
    TOK_NEQ    error (nonassociative)
    TOK_LE     error (nonassociative)
    TOK_GE     error (nonassociative)
    '<'        error (nonassociative)
    '>'        error (nonassociative)

    $default  reduce using rule 109 (expr)


State 228

   90 expr: expr • '[' expr ']'
   91     | expr • '.' tok_id
   95     | expr • '(' optexprlist ')'
   97     | expr • '+' expr
   98     | expr • '-' expr
   99     | expr • '*' expr
  100     | expr • '/' expr
  101     | expr • '%' expr
  103     | expr • '&' expr
  104     | expr • '|' expr
  105     | expr • '^' expr
  106     | expr • TOK_LSHIFT expr
  107     | expr • TOK_RSHIFT expr
  108     | expr • TOK_EQUAL expr
  109     | expr • TOK_NEQ expr
  110     | expr • TOK_GE expr
  111     | expr • TOK_LE expr
  111     | expr TOK_LE expr •
  112     | expr • '>' expr
  113     | expr • '<' expr
  115     | expr • TOK_AND expr
  116     | expr • TOK_OR expr
  117     | expr • '?' expr ':' expr

    '&'         shift, and go to state 163
    '|'         shift, and go to state 164
    '^'         shift, and go to state 165
    TOK_LSHIFT  shift, and go to state 166
    TOK_RSHIFT  shift, and go to state 167
    '+'         shift, and go to state 168
    '-'         shift, and go to state 169
    '*'         shift, and go to state 170
    '/'         shift, and go to state 171
    '%'         shift, and go to state 172
    '('         shift, and go to state 173
    '['         shift, and go to state 174
    '.'         shift, and go to state 175

    TOK_EQUAL  error (nonassociative)
    TOK_NEQ    error (nonassociative)
    TOK_LE     error (nonassociative)
    TOK_GE     error (nonassociative)
    '<'        error (nonassociative)
    '>'        error (nonassociative)

    $default  reduce using rule 111 (expr)


State 229

   90 expr: expr • '[' expr ']'
   91     | expr • '.' tok_id
   95     | expr • '(' optexprlist ')'
   97     | expr • '+' expr
   98     | expr • '-' expr
   99     | expr • '*' expr
  100     | expr • '/' expr
  101     | expr • '%' expr
  103     | expr • '&' expr
  104     | expr • '|' expr
  105     | expr • '^' expr
  106     | expr • TOK_LSHIFT expr
  107     | expr • TOK_RSHIFT expr
  108     | expr • TOK_EQUAL expr
  109     | expr • TOK_NEQ expr
  110     | expr • TOK_GE expr
  110     | expr TOK_GE expr •
  111     | expr • TOK_LE expr
  112     | expr • '>' expr
  113     | expr • '<' expr
  115     | expr • TOK_AND expr
  116     | expr • TOK_OR expr
  117     | expr • '?' expr ':' expr

    '&'         shift, and go to state 163
    '|'         shift, and go to state 164
    '^'         shift, and go to state 165
    TOK_LSHIFT  shift, and go to state 166
    TOK_RSHIFT  shift, and go to state 167
    '+'         shift, and go to state 168
    '-'         shift, and go to state 169
    '*'         shift, and go to state 170
    '/'         shift, and go to state 171
    '%'         shift, and go to state 172
    '('         shift, and go to state 173
    '['         shift, and go to state 174
    '.'         shift, and go to state 175

    TOK_EQUAL  error (nonassociative)
    TOK_NEQ    error (nonassociative)
    TOK_LE     error (nonassociative)
    TOK_GE     error (nonassociative)
    '<'        error (nonassociative)
    '>'        error (nonassociative)

    $default  reduce using rule 110 (expr)


State 230

   90 expr: expr • '[' expr ']'
   91     | expr • '.' tok_id
   95     | expr • '(' optexprlist ')'
   97     | expr • '+' expr
   98     | expr • '-' expr
   99     | expr • '*' expr
  100     | expr • '/' expr
  101     | expr • '%' expr
  103     | expr • '&' expr
  104     | expr • '|' expr
  105     | expr • '^' expr
  106     | expr • TOK_LSHIFT expr
  107     | expr • TOK_RSHIFT expr
  108     | expr • TOK_EQUAL expr
  109     | expr • TOK_NEQ expr
  110     | expr • TOK_GE expr
  111     | expr • TOK_LE expr
  112     | expr • '>' expr
  113     | expr • '<' expr
  113     | expr '<' expr •
  115     | expr • TOK_AND expr
  116     | expr • TOK_OR expr
  117     | expr • '?' expr ':' expr

    '&'         shift, and go to state 163
    '|'         shift, and go to state 164
    '^'         shift, and go to state 165
    TOK_LSHIFT  shift, and go to state 166
    TOK_RSHIFT  shift, and go to state 167
    '+'         shift, and go to state 168
    '-'         shift, and go to state 169
    '*'         shift, and go to state 170
    '/'         shift, and go to state 171
    '%'         shift, and go to state 172
    '('         shift, and go to state 173
    '['         shift, and go to state 174
    '.'         shift, and go to state 175

    TOK_EQUAL  error (nonassociative)
    TOK_NEQ    error (nonassociative)
    TOK_LE     error (nonassociative)
    TOK_GE     error (nonassociative)
    '<'        error (nonassociative)
    '>'        error (nonassociative)

    $default  reduce using rule 113 (expr)


State 231

   90 expr: expr • '[' expr ']'
   91     | expr • '.' tok_id
   95     | expr • '(' optexprlist ')'
   97     | expr • '+' expr
   98     | expr • '-' expr
   99     | expr • '*' expr
  100     | expr • '/' expr
  101     | expr • '%' expr
  103     | expr • '&' expr
  104     | expr • '|' expr
  105     | expr • '^' expr
  106     | expr • TOK_LSHIFT expr
  107     | expr • TOK_RSHIFT expr
  108     | expr • TOK_EQUAL expr
  109     | expr • TOK_NEQ expr
  110     | expr • TOK_GE expr
  111     | expr • TOK_LE expr
  112     | expr • '>' expr
  112     | expr '>' expr •
  113     | expr • '<' expr
  115     | expr • TOK_AND expr
  116     | expr • TOK_OR expr
  117     | expr • '?' expr ':' expr

    '&'         shift, and go to state 163
    '|'         shift, and go to state 164
    '^'         shift, and go to state 165
    TOK_LSHIFT  shift, and go to state 166
    TOK_RSHIFT  shift, and go to state 167
    '+'         shift, and go to state 168
    '-'         shift, and go to state 169
    '*'         shift, and go to state 170
    '/'         shift, and go to state 171
    '%'         shift, and go to state 172
    '('         shift, and go to state 173
    '['         shift, and go to state 174
    '.'         shift, and go to state 175

    TOK_EQUAL  error (nonassociative)
    TOK_NEQ    error (nonassociative)
    TOK_LE     error (nonassociative)
    TOK_GE     error (nonassociative)
    '<'        error (nonassociative)
    '>'        error (nonassociative)

    $default  reduce using rule 112 (expr)


State 232

   90 expr: expr • '[' expr ']'
   91     | expr • '.' tok_id
   95     | expr • '(' optexprlist ')'
   97     | expr • '+' expr
   98     | expr • '-' expr
   99     | expr • '*' expr
  100     | expr • '/' expr
  101     | expr • '%' expr
  103     | expr • '&' expr
  103     | expr '&' expr •
  104     | expr • '|' expr
  105     | expr • '^' expr
  106     | expr • TOK_LSHIFT expr
  107     | expr • TOK_RSHIFT expr
  108     | expr • TOK_EQUAL expr
  109     | expr • TOK_NEQ expr
  110     | expr • TOK_GE expr
  111     | expr • TOK_LE expr
  112     | expr • '>' expr
  113     | expr • '<' expr
  115     | expr • TOK_AND expr
  116     | expr • TOK_OR expr
  117     | expr • '?' expr ':' expr

    TOK_LSHIFT  shift, and go to state 166
    TOK_RSHIFT  shift, and go to state 167
    '+'         shift, and go to state 168
    '-'         shift, and go to state 169
    '*'         shift, and go to state 170
    '/'         shift, and go to state 171
    '%'         shift, and go to state 172
    '('         shift, and go to state 173
    '['         shift, and go to state 174
    '.'         shift, and go to state 175

    $default  reduce using rule 103 (expr)


State 233

   90 expr: expr • '[' expr ']'
   91     | expr • '.' tok_id
   95     | expr • '(' optexprlist ')'
   97     | expr • '+' expr
   98     | expr • '-' expr
   99     | expr • '*' expr
  100     | expr • '/' expr
  101     | expr • '%' expr
  103     | expr • '&' expr
  104     | expr • '|' expr
  104     | expr '|' expr •
  105     | expr • '^' expr
  106     | expr • TOK_LSHIFT expr
  107     | expr • TOK_RSHIFT expr
  108     | expr • TOK_EQUAL expr
  109     | expr • TOK_NEQ expr
  110     | expr • TOK_GE expr
  111     | expr • TOK_LE expr
  112     | expr • '>' expr
  113     | expr • '<' expr
  115     | expr • TOK_AND expr
  116     | expr • TOK_OR expr
  117     | expr • '?' expr ':' expr

    TOK_LSHIFT  shift, and go to state 166
    TOK_RSHIFT  shift, and go to state 167
    '+'         shift, and go to state 168
    '-'         shift, and go to state 169
    '*'         shift, and go to state 170
    '/'         shift, and go to state 171
    '%'         shift, and go to state 172
    '('         shift, and go to state 173
    '['         shift, and go to state 174
    '.'         shift, and go to state 175

    $default  reduce using rule 104 (expr)


State 234

   90 expr: expr • '[' expr ']'
   91     | expr • '.' tok_id
   95     | expr • '(' optexprlist ')'
   97     | expr • '+' expr
   98     | expr • '-' expr
   99     | expr • '*' expr
  100     | expr • '/' expr
  101     | expr • '%' expr
  103     | expr • '&' expr
  104     | expr • '|' expr
  105     | expr • '^' expr
  105     | expr '^' expr •
  106     | expr • TOK_LSHIFT expr
  107     | expr • TOK_RSHIFT expr
  108     | expr • TOK_EQUAL expr
  109     | expr • TOK_NEQ expr
  110     | expr • TOK_GE expr
  111     | expr • TOK_LE expr
  112     | expr • '>' expr
  113     | expr • '<' expr
  115     | expr • TOK_AND expr
  116     | expr • TOK_OR expr
  117     | expr • '?' expr ':' expr

    TOK_LSHIFT  shift, and go to state 166
    TOK_RSHIFT  shift, and go to state 167
    '+'         shift, and go to state 168
    '-'         shift, and go to state 169
    '*'         shift, and go to state 170
    '/'         shift, and go to state 171
    '%'         shift, and go to state 172
    '('         shift, and go to state 173
    '['         shift, and go to state 174
    '.'         shift, and go to state 175

    $default  reduce using rule 105 (expr)


State 235

   90 expr: expr • '[' expr ']'
   91     | expr • '.' tok_id
   95     | expr • '(' optexprlist ')'
   97     | expr • '+' expr
   98     | expr • '-' expr
   99     | expr • '*' expr
  100     | expr • '/' expr
  101     | expr • '%' expr
  103     | expr • '&' expr
  104     | expr • '|' expr
  105     | expr • '^' expr
  106     | expr • TOK_LSHIFT expr
  106     | expr TOK_LSHIFT expr •
  107     | expr • TOK_RSHIFT expr
  108     | expr • TOK_EQUAL expr
  109     | expr • TOK_NEQ expr
  110     | expr • TOK_GE expr
  111     | expr • TOK_LE expr
  112     | expr • '>' expr
  113     | expr • '<' expr
  115     | expr • TOK_AND expr
  116     | expr • TOK_OR expr
  117     | expr • '?' expr ':' expr

    '+'  shift, and go to state 168
    '-'  shift, and go to state 169
    '*'  shift, and go to state 170
    '/'  shift, and go to state 171
    '%'  shift, and go to state 172
    '('  shift, and go to state 173
    '['  shift, and go to state 174
    '.'  shift, and go to state 175

    $default  reduce using rule 106 (expr)


State 236

   90 expr: expr • '[' expr ']'
   91     | expr • '.' tok_id
   95     | expr • '(' optexprlist ')'
   97     | expr • '+' expr
   98     | expr • '-' expr
   99     | expr • '*' expr
  100     | expr • '/' expr
  101     | expr • '%' expr
  103     | expr • '&' expr
  104     | expr • '|' expr
  105     | expr • '^' expr
  106     | expr • TOK_LSHIFT expr
  107     | expr • TOK_RSHIFT expr
  107     | expr TOK_RSHIFT expr •
  108     | expr • TOK_EQUAL expr
  109     | expr • TOK_NEQ expr
  110     | expr • TOK_GE expr
  111     | expr • TOK_LE expr
  112     | expr • '>' expr
  113     | expr • '<' expr
  115     | expr • TOK_AND expr
  116     | expr • TOK_OR expr
  117     | expr • '?' expr ':' expr

    '+'  shift, and go to state 168
    '-'  shift, and go to state 169
    '*'  shift, and go to state 170
    '/'  shift, and go to state 171
    '%'  shift, and go to state 172
    '('  shift, and go to state 173
    '['  shift, and go to state 174
    '.'  shift, and go to state 175

    $default  reduce using rule 107 (expr)


State 237

   90 expr: expr • '[' expr ']'
   91     | expr • '.' tok_id
   95     | expr • '(' optexprlist ')'
   97     | expr • '+' expr
   97     | expr '+' expr •
   98     | expr • '-' expr
   99     | expr • '*' expr
  100     | expr • '/' expr
  101     | expr • '%' expr
  103     | expr • '&' expr
  104     | expr • '|' expr
  105     | expr • '^' expr
  106     | expr • TOK_LSHIFT expr
  107     | expr • TOK_RSHIFT expr
  108     | expr • TOK_EQUAL expr
  109     | expr • TOK_NEQ expr
  110     | expr • TOK_GE expr
  111     | expr • TOK_LE expr
  112     | expr • '>' expr
  113     | expr • '<' expr
  115     | expr • TOK_AND expr
  116     | expr • TOK_OR expr
  117     | expr • '?' expr ':' expr

    '*'  shift, and go to state 170
    '/'  shift, and go to state 171
    '%'  shift, and go to state 172
    '('  shift, and go to state 173
    '['  shift, and go to state 174
    '.'  shift, and go to state 175

    $default  reduce using rule 97 (expr)


State 238

   90 expr: expr • '[' expr ']'
   91     | expr • '.' tok_id
   95     | expr • '(' optexprlist ')'
   97     | expr • '+' expr
   98     | expr • '-' expr
   98     | expr '-' expr •
   99     | expr • '*' expr
  100     | expr • '/' expr
  101     | expr • '%' expr
  103     | expr • '&' expr
  104     | expr • '|' expr
  105     | expr • '^' expr
  106     | expr • TOK_LSHIFT expr
  107     | expr • TOK_RSHIFT expr
  108     | expr • TOK_EQUAL expr
  109     | expr • TOK_NEQ expr
  110     | expr • TOK_GE expr
  111     | expr • TOK_LE expr
  112     | expr • '>' expr
  113     | expr • '<' expr
  115     | expr • TOK_AND expr
  116     | expr • TOK_OR expr
  117     | expr • '?' expr ':' expr

    '*'  shift, and go to state 170
    '/'  shift, and go to state 171
    '%'  shift, and go to state 172
    '('  shift, and go to state 173
    '['  shift, and go to state 174
    '.'  shift, and go to state 175

    $default  reduce using rule 98 (expr)


State 239

   90 expr: expr • '[' expr ']'
   91     | expr • '.' tok_id
   95     | expr • '(' optexprlist ')'
   97     | expr • '+' expr
   98     | expr • '-' expr
   99     | expr • '*' expr
   99     | expr '*' expr •
  100     | expr • '/' expr
  101     | expr • '%' expr
  103     | expr • '&' expr
  104     | expr • '|' expr
  105     | expr • '^' expr
  106     | expr • TOK_LSHIFT expr
  107     | expr • TOK_RSHIFT expr
  108     | expr • TOK_EQUAL expr
  109     | expr • TOK_NEQ expr
  110     | expr • TOK_GE expr
  111     | expr • TOK_LE expr
  112     | expr • '>' expr
  113     | expr • '<' expr
  115     | expr • TOK_AND expr
  116     | expr • TOK_OR expr
  117     | expr • '?' expr ':' expr

    '('  shift, and go to state 173
    '['  shift, and go to state 174
    '.'  shift, and go to state 175

    $default  reduce using rule 99 (expr)


State 240

   90 expr: expr • '[' expr ']'
   91     | expr • '.' tok_id
   95     | expr • '(' optexprlist ')'
   97     | expr • '+' expr
   98     | expr • '-' expr
   99     | expr • '*' expr
  100     | expr • '/' expr
  100     | expr '/' expr •
  101     | expr • '%' expr
  103     | expr • '&' expr
  104     | expr • '|' expr
  105     | expr • '^' expr
  106     | expr • TOK_LSHIFT expr
  107     | expr • TOK_RSHIFT expr
  108     | expr • TOK_EQUAL expr
  109     | expr • TOK_NEQ expr
  110     | expr • TOK_GE expr
  111     | expr • TOK_LE expr
  112     | expr • '>' expr
  113     | expr • '<' expr
  115     | expr • TOK_AND expr
  116     | expr • TOK_OR expr
  117     | expr • '?' expr ':' expr

    '('  shift, and go to state 173
    '['  shift, and go to state 174
    '.'  shift, and go to state 175

    $default  reduce using rule 100 (expr)


State 241

   90 expr: expr • '[' expr ']'
   91     | expr • '.' tok_id
   95     | expr • '(' optexprlist ')'
   97     | expr • '+' expr
   98     | expr • '-' expr
   99     | expr • '*' expr
  100     | expr • '/' expr
  101     | expr • '%' expr
  101     | expr '%' expr •
  103     | expr • '&' expr
  104     | expr • '|' expr
  105     | expr • '^' expr
  106     | expr • TOK_LSHIFT expr
  107     | expr • TOK_RSHIFT expr
  108     | expr • TOK_EQUAL expr
  109     | expr • TOK_NEQ expr
  110     | expr • TOK_GE expr
  111     | expr • TOK_LE expr
  112     | expr • '>' expr
  113     | expr • '<' expr
  115     | expr • TOK_AND expr
  116     | expr • TOK_OR expr
  117     | expr • '?' expr ':' expr

    '('  shift, and go to state 173
    '['  shift, and go to state 174
    '.'  shift, and go to state 175

    $default  reduce using rule 101 (expr)


State 242

   95 expr: expr '(' optexprlist • ')'

    ')'  shift, and go to state 285


State 243

   90 expr: expr • '[' expr ']'
   90     | expr '[' expr • ']'
   91     | expr • '.' tok_id
   95     | expr • '(' optexprlist ')'
   97     | expr • '+' expr
   98     | expr • '-' expr
   99     | expr • '*' expr
  100     | expr • '/' expr
  101     | expr • '%' expr
  103     | expr • '&' expr
  104     | expr • '|' expr
  105     | expr • '^' expr
  106     | expr • TOK_LSHIFT expr
  107     | expr • TOK_RSHIFT expr
  108     | expr • TOK_EQUAL expr
  109     | expr • TOK_NEQ expr
  110     | expr • TOK_GE expr
  111     | expr • TOK_LE expr
  112     | expr • '>' expr
  113     | expr • '<' expr
  115     | expr • TOK_AND expr
  116     | expr • TOK_OR expr
  117     | expr • '?' expr ':' expr

    '?'         shift, and go to state 154
    TOK_OR      shift, and go to state 155
    TOK_AND     shift, and go to state 156
    TOK_EQUAL   shift, and go to state 157
    TOK_NEQ     shift, and go to state 158
    TOK_LE      shift, and go to state 159
    TOK_GE      shift, and go to state 160
    '<'         shift, and go to state 161
    '>'         shift, and go to state 162
    '&'         shift, and go to state 163
    '|'         shift, and go to state 164
    '^'         shift, and go to state 165
    TOK_LSHIFT  shift, and go to state 166
    TOK_RSHIFT  shift, and go to state 167
    '+'         shift, and go to state 168
    '-'         shift, and go to state 169
    '*'         shift, and go to state 170
    '/'         shift, and go to state 171
    '%'         shift, and go to state 172
    '('         shift, and go to state 173
    '['         shift, and go to state 174
    ']'         shift, and go to state 286
    '.'         shift, and go to state 175


State 244

   91 expr: expr '.' tok_id •

    $default  reduce using rule 91 (expr)


State 245

  181 attr: TOK_ATTR_LET '{' letfieldlist '}' •

    $default  reduce using rule 181 (attr)


State 246

  165 letfield: tok_id • opttype optinit optattrs
  166 withinputfield: tok_id • ':' type1 TOK_WITHINPUT input optattrs

    ':'  shift, and go to state 287

    $default  reduce using rule 55 (opttype)

    opttype  go to state 288


State 247

  162 letfieldlist: letfieldlist letfield • ';'

    ';'  shift, and go to state 289


State 248

  163 letfieldlist: letfieldlist withinputfield • ';'

    ';'  shift, and go to state 290


State 249

  183 attr: TOK_ATTR_MULTILINE '(' expr ')' •

    $default  reduce using rule 183 (attr)


State 250

  192 optlinebreaker: '(' expr ')' •

    $default  reduce using rule 192 (optlinebreaker)


State 251

  186 attr: TOK_ATTR_REQUIRES '(' optexprlist ')' •

    $default  reduce using rule 186 (attr)


State 252

   86 exprlist: exprlist ',' • expr

    TOK_TYPE        shift, and go to state 18
    TOK_CASE        shift, and go to state 94
    TOK_FUNCTION    shift, and go to state 19
    TOK_ID          shift, and go to state 20
    TOK_NUMBER      shift, and go to state 95
    TOK_STRING      shift, and go to state 96
    TOK_BEGIN_RE    shift, and go to state 97
    TOK_ANALYZER    shift, and go to state 21
    TOK_CONNECTION  shift, and go to state 22
    TOK_FLOW        shift, and go to state 23
    '-'             shift, and go to state 98
    '~'             shift, and go to state 99
    '!'             shift, and go to state 100
    TOK_SIZEOF      shift, and go to state 101
    TOK_OFFSETOF    shift, and go to state 102
    '('             shift, and go to state 103

    tok_id  go to state 104
    expr    go to state 291
    cstr    go to state 106
    regex   go to state 107


State 253

   47 optparams: '(' paramlist ')' •

    $default  reduce using rule 47 (optparams)


State 254

   59 type3: TOK_RECORD • '{' recordfieldlist '}'

    '{'  shift, and go to state 292


State 255

    6 decl_with_attr: TOK_TYPE tok_id $@1 optparams '=' type •

    $default  reduce using rule 6 (decl_with_attr)


State 256

   57 type: type3 •

    $default  reduce using rule 57 (type)


State 257

   58 type3: type2 •

    $default  reduce using rule 58 (type3)


State 258

  132 enumitem: tok_id '=' • expr

    TOK_TYPE        shift, and go to state 18
    TOK_CASE        shift, and go to state 94
    TOK_FUNCTION    shift, and go to state 19
    TOK_ID          shift, and go to state 20
    TOK_NUMBER      shift, and go to state 95
    TOK_STRING      shift, and go to state 96
    TOK_BEGIN_RE    shift, and go to state 97
    TOK_ANALYZER    shift, and go to state 21
    TOK_CONNECTION  shift, and go to state 22
    TOK_FLOW        shift, and go to state 23
    '-'             shift, and go to state 98
    '~'             shift, and go to state 99
    '!'             shift, and go to state 100
    TOK_SIZEOF      shift, and go to state 101
    TOK_OFFSETOF    shift, and go to state 102
    '('             shift, and go to state 103

    tok_id  go to state 104
    expr    go to state 293
    cstr    go to state 106
    regex   go to state 107


State 259

   11 decl_with_attr: TOK_ENUM tok_id $@3 '{' enumlist '}' •

    $default  reduce using rule 11 (decl_with_attr)


State 260

  128 enumlist: enumlist1 ',' •
  129 enumlist1: enumlist1 ',' • enumitem

    TOK_TYPE        shift, and go to state 18
    TOK_FUNCTION    shift, and go to state 19
    TOK_ID          shift, and go to state 20
    TOK_ANALYZER    shift, and go to state 21
    TOK_CONNECTION  shift, and go to state 22
    TOK_FLOW        shift, and go to state 23

    $default  reduce using rule 128 (enumlist)

    tok_id    go to state 187
    enumitem  go to state 294


State 261

   63 type2: TOK_CASE caseindex • TOK_OF '{' casefieldlist '}'

    TOK_OF  shift, and go to state 295


State 262

   78 caseindex: expr •
   90 expr: expr • '[' expr ']'
   91     | expr • '.' tok_id
   95     | expr • '(' optexprlist ')'
   97     | expr • '+' expr
   98     | expr • '-' expr
   99     | expr • '*' expr
  100     | expr • '/' expr
  101     | expr • '%' expr
  103     | expr • '&' expr
  104     | expr • '|' expr
  105     | expr • '^' expr
  106     | expr • TOK_LSHIFT expr
  107     | expr • TOK_RSHIFT expr
  108     | expr • TOK_EQUAL expr
  109     | expr • TOK_NEQ expr
  110     | expr • TOK_GE expr
  111     | expr • TOK_LE expr
  112     | expr • '>' expr
  113     | expr • '<' expr
  115     | expr • TOK_AND expr
  116     | expr • TOK_OR expr
  117     | expr • '?' expr ':' expr

    '?'         shift, and go to state 154
    TOK_OR      shift, and go to state 155
    TOK_AND     shift, and go to state 156
    TOK_EQUAL   shift, and go to state 157
    TOK_NEQ     shift, and go to state 158
    TOK_LE      shift, and go to state 159
    TOK_GE      shift, and go to state 160
    '<'         shift, and go to state 161
    '>'         shift, and go to state 162
    '&'         shift, and go to state 163
    '|'         shift, and go to state 164
    '^'         shift, and go to state 165
    TOK_LSHIFT  shift, and go to state 166
    TOK_RSHIFT  shift, and go to state 167
    '+'         shift, and go to state 168
    '-'         shift, and go to state 169
    '*'         shift, and go to state 170
    '/'         shift, and go to state 171
    '%'         shift, and go to state 172
    '('         shift, and go to state 173
    '['         shift, and go to state 174
    '.'         shift, and go to state 175

    $default  reduce using rule 78 (caseindex)


State 263

   65 type1: tok_id '(' • exprlist ')'

    TOK_TYPE        shift, and go to state 18
    TOK_CASE        shift, and go to state 94
    TOK_FUNCTION    shift, and go to state 19
    TOK_ID          shift, and go to state 20
    TOK_NUMBER      shift, and go to state 95
    TOK_STRING      shift, and go to state 96
    TOK_BEGIN_RE    shift, and go to state 97
    TOK_ANALYZER    shift, and go to state 21
    TOK_CONNECTION  shift, and go to state 22
    TOK_FLOW        shift, and go to state 23
    '-'             shift, and go to state 98
    '~'             shift, and go to state 99
    '!'             shift, and go to state 100
    TOK_SIZEOF      shift, and go to state 101
    TOK_OFFSETOF    shift, and go to state 102
    '('             shift, and go to state 103

    tok_id    go to state 104
    exprlist  go to state 296
    expr      go to state 183
    cstr      go to state 106
    regex     go to state 107


State 264

   61 type2: type1 '[' • expr ']'
   62      | type1 '[' • ']'

    TOK_TYPE        shift, and go to state 18
    TOK_CASE        shift, and go to state 94
    TOK_FUNCTION    shift, and go to state 19
    TOK_ID          shift, and go to state 20
    TOK_NUMBER      shift, and go to state 95
    TOK_STRING      shift, and go to state 96
    TOK_BEGIN_RE    shift, and go to state 97
    TOK_ANALYZER    shift, and go to state 21
    TOK_CONNECTION  shift, and go to state 22
    TOK_FLOW        shift, and go to state 23
    '-'             shift, and go to state 98
    '~'             shift, and go to state 99
    '!'             shift, and go to state 100
    TOK_SIZEOF      shift, and go to state 101
    TOK_OFFSETOF    shift, and go to state 102
    '('             shift, and go to state 103
    ']'             shift, and go to state 297

    tok_id  go to state 104
    expr    go to state 298
    cstr    go to state 106
    regex   go to state 107


State 265

   54 optinit: '=' expr •
   90 expr: expr • '[' expr ']'
   91     | expr • '.' tok_id
   95     | expr • '(' optexprlist ')'
   97     | expr • '+' expr
   98     | expr • '-' expr
   99     | expr • '*' expr
  100     | expr • '/' expr
  101     | expr • '%' expr
  103     | expr • '&' expr
  104     | expr • '|' expr
  105     | expr • '^' expr
  106     | expr • TOK_LSHIFT expr
  107     | expr • TOK_RSHIFT expr
  108     | expr • TOK_EQUAL expr
  109     | expr • TOK_NEQ expr
  110     | expr • TOK_GE expr
  111     | expr • TOK_LE expr
  112     | expr • '>' expr
  113     | expr • '<' expr
  115     | expr • TOK_AND expr
  116     | expr • TOK_OR expr
  117     | expr • '?' expr ':' expr

    '?'         shift, and go to state 154
    TOK_OR      shift, and go to state 155
    TOK_AND     shift, and go to state 156
    TOK_EQUAL   shift, and go to state 157
    TOK_NEQ     shift, and go to state 158
    TOK_LE      shift, and go to state 159
    TOK_GE      shift, and go to state 160
    '<'         shift, and go to state 161
    '>'         shift, and go to state 162
    '&'         shift, and go to state 163
    '|'         shift, and go to state 164
    '^'         shift, and go to state 165
    TOK_LSHIFT  shift, and go to state 166
    TOK_RSHIFT  shift, and go to state 167
    '+'         shift, and go to state 168
    '-'         shift, and go to state 169
    '*'         shift, and go to state 170
    '/'         shift, and go to state 171
    '%'         shift, and go to state 172
    '('         shift, and go to state 173
    '['         shift, and go to state 174
    '.'         shift, and go to state 175

    $default  reduce using rule 54 (optinit)


State 266

   52 param: tok_id ':' type2 •

    $default  reduce using rule 52 (param)


State 267

   49 paramlist: paramlist ',' param •

    $default  reduce using rule 49 (paramlist)


State 268

   43 funcproto: tok_id '(' paramlist ')' ':' • type2

    TOK_TYPE        shift, and go to state 18
    TOK_CASE        shift, and go to state 191
    TOK_FUNCTION    shift, and go to state 19
    TOK_ID          shift, and go to state 20
    TOK_STRING      shift, and go to state 96
    TOK_BEGIN_RE    shift, and go to state 97
    TOK_ANALYZER    shift, and go to state 21
    TOK_CONNECTION  shift, and go to state 22
    TOK_FLOW        shift, and go to state 23

    tok_id  go to state 192
    type2   go to state 299
    type1   go to state 194
    cstr    go to state 195
    regex   go to state 196


State 269

   23 decl_with_attr: TOK_REFINE TOK_CASEFUNC tok_id TOK_PLUSEQ '{' caseexprlist • '}'
  124 caseexprlist: caseexprlist • caseexpr ';'

    TOK_TYPE        shift, and go to state 18
    TOK_CASE        shift, and go to state 94
    TOK_FUNCTION    shift, and go to state 19
    TOK_DEFAULT     shift, and go to state 300
    TOK_ID          shift, and go to state 20
    TOK_NUMBER      shift, and go to state 95
    TOK_STRING      shift, and go to state 96
    TOK_BEGIN_RE    shift, and go to state 97
    TOK_ANALYZER    shift, and go to state 21
    TOK_CONNECTION  shift, and go to state 22
    TOK_FLOW        shift, and go to state 23
    '-'             shift, and go to state 98
    '~'             shift, and go to state 99
    '!'             shift, and go to state 100
    TOK_SIZEOF      shift, and go to state 101
    TOK_OFFSETOF    shift, and go to state 102
    '('             shift, and go to state 103
    '}'             shift, and go to state 301

    tok_id    go to state 104
    exprlist  go to state 302
    expr      go to state 183
    cstr      go to state 106
    regex     go to state 107
    caseexpr  go to state 303


State 270

   22 decl_with_attr: TOK_REFINE TOK_CASETYPE tok_id TOK_PLUSEQ '{' casefieldlist • '}'
   79 casefieldlist: casefieldlist • casefield ';'

    TOK_TYPE        shift, and go to state 18
    TOK_CASE        shift, and go to state 94
    TOK_FUNCTION    shift, and go to state 19
    TOK_DEFAULT     shift, and go to state 304
    TOK_ID          shift, and go to state 20
    TOK_NUMBER      shift, and go to state 95
    TOK_STRING      shift, and go to state 96
    TOK_BEGIN_RE    shift, and go to state 97
    TOK_ANALYZER    shift, and go to state 21
    TOK_CONNECTION  shift, and go to state 22
    TOK_FLOW        shift, and go to state 23
    '-'             shift, and go to state 98
    '~'             shift, and go to state 99
    '!'             shift, and go to state 100
    TOK_SIZEOF      shift, and go to state 101
    TOK_OFFSETOF    shift, and go to state 102
    '('             shift, and go to state 103
    '}'             shift, and go to state 305

    tok_id      go to state 104
    casefield   go to state 306
    casefield0  go to state 307
    exprlist    go to state 308
    expr        go to state 183
    cstr        go to state 106
    regex       go to state 107


State 271

   24 decl_with_attr: TOK_REFINE TOK_ANALYZER tok_id TOK_PLUSEQ '{' sahlist • '}'
  136 sahlist: sahlist • sah

    TOK_FUNCTION     shift, and go to state 309
    TOK_STATE        shift, and go to state 310
    TOK_ACTION       shift, and go to state 311
    TOK_DATAUNIT     shift, and go to state 312
    TOK_FLOWDIR      shift, and go to state 313
    TOK_LPB_MEMBER   shift, and go to state 314
    TOK_LPB_INIT     shift, and go to state 315
    TOK_LPB_CLEANUP  shift, and go to state 316
    TOK_LPB_EOF      shift, and go to state 317
    '}'              shift, and go to state 318

    sah  go to state 319


State 272

   25 decl_with_attr: TOK_REFINE TOK_CONNECTION tok_id TOK_PLUSEQ '{' sahlist • '}'
  136 sahlist: sahlist • sah

    TOK_FUNCTION     shift, and go to state 309
    TOK_STATE        shift, and go to state 310
    TOK_ACTION       shift, and go to state 311
    TOK_DATAUNIT     shift, and go to state 312
    TOK_FLOWDIR      shift, and go to state 313
    TOK_LPB_MEMBER   shift, and go to state 314
    TOK_LPB_INIT     shift, and go to state 315
    TOK_LPB_CLEANUP  shift, and go to state 316
    TOK_LPB_EOF      shift, and go to state 317
    '}'              shift, and go to state 320

    sah  go to state 319


State 273

   26 decl_with_attr: TOK_REFINE TOK_FLOW tok_id TOK_PLUSEQ '{' sahlist • '}'
  136 sahlist: sahlist • sah

    TOK_FUNCTION     shift, and go to state 309
    TOK_STATE        shift, and go to state 310
    TOK_ACTION       shift, and go to state 311
    TOK_DATAUNIT     shift, and go to state 312
    TOK_FLOWDIR      shift, and go to state 313
    TOK_LPB_MEMBER   shift, and go to state 314
    TOK_LPB_INIT     shift, and go to state 315
    TOK_LPB_CLEANUP  shift, and go to state 316
    TOK_LPB_EOF      shift, and go to state 317
    '}'              shift, and go to state 321

    sah  go to state 319


State 274

   39 analyzercontext: '{' contextfieldlist • '}'
   40 contextfieldlist: contextfieldlist • contextfield ';'

    TOK_TYPE        shift, and go to state 18
    TOK_FUNCTION    shift, and go to state 19
    TOK_ID          shift, and go to state 20
    TOK_ANALYZER    shift, and go to state 21
    TOK_CONNECTION  shift, and go to state 22
    TOK_FLOW        shift, and go to state 23
    '}'             shift, and go to state 322

    tok_id        go to state 323
    contextfield  go to state 324


State 275

   17 decl_with_attr: TOK_ANALYZER tok_id $@6 optparams '{' conn • '}'

    '}'  shift, and go to state 325


State 276

  133 conn: sahlist •
  136 sahlist: sahlist • sah

    TOK_FUNCTION     shift, and go to state 309
    TOK_STATE        shift, and go to state 310
    TOK_ACTION       shift, and go to state 311
    TOK_DATAUNIT     shift, and go to state 312
    TOK_FLOWDIR      shift, and go to state 313
    TOK_LPB_MEMBER   shift, and go to state 314
    TOK_LPB_INIT     shift, and go to state 315
    TOK_LPB_CLEANUP  shift, and go to state 316
    TOK_LPB_EOF      shift, and go to state 317

    $default  reduce using rule 133 (conn)

    sah  go to state 319


State 277

   19 decl_with_attr: TOK_CONNECTION tok_id $@7 optparams '{' conn • '}'

    '}'  shift, and go to state 326


State 278

   21 decl_with_attr: TOK_FLOW tok_id $@8 optparams '{' flow • '}'

    '}'  shift, and go to state 327


State 279

  134 flow: sahlist •
  136 sahlist: sahlist • sah

    TOK_FUNCTION     shift, and go to state 309
    TOK_STATE        shift, and go to state 310
    TOK_ACTION       shift, and go to state 311
    TOK_DATAUNIT     shift, and go to state 312
    TOK_FLOWDIR      shift, and go to state 313
    TOK_LPB_MEMBER   shift, and go to state 314
    TOK_LPB_INIT     shift, and go to state 315
    TOK_LPB_CLEANUP  shift, and go to state 316
    TOK_LPB_EOF      shift, and go to state 317

    $default  reduce using rule 134 (flow)

    sah  go to state 319


State 280

   90 expr: expr • '[' expr ']'
   91     | expr • '.' tok_id
   95     | expr • '(' optexprlist ')'
   97     | expr • '+' expr
   98     | expr • '-' expr
   99     | expr • '*' expr
  100     | expr • '/' expr
  101     | expr • '%' expr
  103     | expr • '&' expr
  104     | expr • '|' expr
  105     | expr • '^' expr
  106     | expr • TOK_LSHIFT expr
  107     | expr • TOK_RSHIFT expr
  108     | expr • TOK_EQUAL expr
  109     | expr • TOK_NEQ expr
  110     | expr • TOK_GE expr
  111     | expr • TOK_LE expr
  112     | expr • '>' expr
  113     | expr • '<' expr
  115     | expr • TOK_AND expr
  116     | expr • TOK_OR expr
  117     | expr • '?' expr ':' expr
  159 embedded_pac_primitive: TOK_PAC_CONST_DEF tok_id '=' expr • TOK_END_PAC

    TOK_END_PAC  shift, and go to state 328
    '?'          shift, and go to state 154
    TOK_OR       shift, and go to state 155
    TOK_AND      shift, and go to state 156
    TOK_EQUAL    shift, and go to state 157
    TOK_NEQ      shift, and go to state 158
    TOK_LE       shift, and go to state 159
    TOK_GE       shift, and go to state 160
    '<'          shift, and go to state 161
    '>'          shift, and go to state 162
    '&'          shift, and go to state 163
    '|'          shift, and go to state 164
    '^'          shift, and go to state 165
    TOK_LSHIFT   shift, and go to state 166
    TOK_RSHIFT   shift, and go to state 167
    '+'          shift, and go to state 168
    '-'          shift, and go to state 169
    '*'          shift, and go to state 170
    '/'          shift, and go to state 171
    '%'          shift, and go to state 172
    '('          shift, and go to state 173
    '['          shift, and go to state 174
    '.'          shift, and go to state 175


State 281

  118 expr: TOK_CASE expr TOK_OF '{' • caseexprlist '}'

    $default  reduce using rule 123 (caseexprlist)

    caseexprlist  go to state 329


State 282

   92 expr: TOK_SIZEOF '(' tok_id ')' •

    $default  reduce using rule 92 (expr)


State 283

   93 expr: TOK_OFFSETOF '(' tok_id ')' •

    $default  reduce using rule 93 (expr)


State 284

  117 expr: expr '?' expr ':' • expr

    TOK_TYPE        shift, and go to state 18
    TOK_CASE        shift, and go to state 94
    TOK_FUNCTION    shift, and go to state 19
    TOK_ID          shift, and go to state 20
    TOK_NUMBER      shift, and go to state 95
    TOK_STRING      shift, and go to state 96
    TOK_BEGIN_RE    shift, and go to state 97
    TOK_ANALYZER    shift, and go to state 21
    TOK_CONNECTION  shift, and go to state 22
    TOK_FLOW        shift, and go to state 23
    '-'             shift, and go to state 98
    '~'             shift, and go to state 99
    '!'             shift, and go to state 100
    TOK_SIZEOF      shift, and go to state 101
    TOK_OFFSETOF    shift, and go to state 102
    '('             shift, and go to state 103

    tok_id  go to state 104
    expr    go to state 330
    cstr    go to state 106
    regex   go to state 107


State 285

   95 expr: expr '(' optexprlist ')' •

    $default  reduce using rule 95 (expr)


State 286

   90 expr: expr '[' expr ']' •

    $default  reduce using rule 90 (expr)


State 287

   56 opttype: ':' • type2
  166 withinputfield: tok_id ':' • type1 TOK_WITHINPUT input optattrs

    TOK_TYPE        shift, and go to state 18
    TOK_CASE        shift, and go to state 191
    TOK_FUNCTION    shift, and go to state 19
    TOK_ID          shift, and go to state 20
    TOK_STRING      shift, and go to state 96
    TOK_BEGIN_RE    shift, and go to state 97
    TOK_ANALYZER    shift, and go to state 21
    TOK_CONNECTION  shift, and go to state 22
    TOK_FLOW        shift, and go to state 23

    tok_id  go to state 192
    type2   go to state 193
    type1   go to state 331
    cstr    go to state 195
    regex   go to state 196


State 288

  165 letfield: tok_id opttype • optinit optattrs

    '='  shift, and go to state 197

    $default  reduce using rule 53 (optinit)

    optinit  go to state 332


State 289

  162 letfieldlist: letfieldlist letfield ';' •

    $default  reduce using rule 162 (letfieldlist)


State 290

  163 letfieldlist: letfieldlist withinputfield ';' •

    $default  reduce using rule 163 (letfieldlist)


State 291

   86 exprlist: exprlist ',' expr •
   90 expr: expr • '[' expr ']'
   91     | expr • '.' tok_id
   95     | expr • '(' optexprlist ')'
   97     | expr • '+' expr
   98     | expr • '-' expr
   99     | expr • '*' expr
  100     | expr • '/' expr
  101     | expr • '%' expr
  103     | expr • '&' expr
  104     | expr • '|' expr
  105     | expr • '^' expr
  106     | expr • TOK_LSHIFT expr
  107     | expr • TOK_RSHIFT expr
  108     | expr • TOK_EQUAL expr
  109     | expr • TOK_NEQ expr
  110     | expr • TOK_GE expr
  111     | expr • TOK_LE expr
  112     | expr • '>' expr
  113     | expr • '<' expr
  115     | expr • TOK_AND expr
  116     | expr • TOK_OR expr
  117     | expr • '?' expr ':' expr

    '?'         shift, and go to state 154
    TOK_OR      shift, and go to state 155
    TOK_AND     shift, and go to state 156
    TOK_EQUAL   shift, and go to state 157
    TOK_NEQ     shift, and go to state 158
    TOK_LE      shift, and go to state 159
    TOK_GE      shift, and go to state 160
    '<'         shift, and go to state 161
    '>'         shift, and go to state 162
    '&'         shift, and go to state 163
    '|'         shift, and go to state 164
    '^'         shift, and go to state 165
    TOK_LSHIFT  shift, and go to state 166
    TOK_RSHIFT  shift, and go to state 167
    '+'         shift, and go to state 168
    '-'         shift, and go to state 169
    '*'         shift, and go to state 170
    '/'         shift, and go to state 171
    '%'         shift, and go to state 172
    '('         shift, and go to state 173
    '['         shift, and go to state 174
    '.'         shift, and go to state 175

    $default  reduce using rule 86 (exprlist)


State 292

   59 type3: TOK_RECORD '{' • recordfieldlist '}'

    $default  reduce using rule 69 (recordfieldlist)

    recordfieldlist  go to state 333


State 293

   90 expr: expr • '[' expr ']'
   91     | expr • '.' tok_id
   95     | expr • '(' optexprlist ')'
   97     | expr • '+' expr
   98     | expr • '-' expr
   99     | expr • '*' expr
  100     | expr • '/' expr
  101     | expr • '%' expr
  103     | expr • '&' expr
  104     | expr • '|' expr
  105     | expr • '^' expr
  106     | expr • TOK_LSHIFT expr
  107     | expr • TOK_RSHIFT expr
  108     | expr • TOK_EQUAL expr
  109     | expr • TOK_NEQ expr
  110     | expr • TOK_GE expr
  111     | expr • TOK_LE expr
  112     | expr • '>' expr
  113     | expr • '<' expr
  115     | expr • TOK_AND expr
  116     | expr • TOK_OR expr
  117     | expr • '?' expr ':' expr
  132 enumitem: tok_id '=' expr •

    '?'         shift, and go to state 154
    TOK_OR      shift, and go to state 155
    TOK_AND     shift, and go to state 156
    TOK_EQUAL   shift, and go to state 157
    TOK_NEQ     shift, and go to state 158
    TOK_LE      shift, and go to state 159
    TOK_GE      shift, and go to state 160
    '<'         shift, and go to state 161
    '>'         shift, and go to state 162
    '&'         shift, and go to state 163
    '|'         shift, and go to state 164
    '^'         shift, and go to state 165
    TOK_LSHIFT  shift, and go to state 166
    TOK_RSHIFT  shift, and go to state 167
    '+'         shift, and go to state 168
    '-'         shift, and go to state 169
    '*'         shift, and go to state 170
    '/'         shift, and go to state 171
    '%'         shift, and go to state 172
    '('         shift, and go to state 173
    '['         shift, and go to state 174
    '.'         shift, and go to state 175

    $default  reduce using rule 132 (enumitem)


State 294

  129 enumlist1: enumlist1 ',' enumitem •

    $default  reduce using rule 129 (enumlist1)


State 295

   63 type2: TOK_CASE caseindex TOK_OF • '{' casefieldlist '}'

    '{'  shift, and go to state 334


State 296

   65 type1: tok_id '(' exprlist • ')'
   86 exprlist: exprlist • ',' expr

    ','  shift, and go to state 252
    ')'  shift, and go to state 335


State 297

   62 type2: type1 '[' ']' •

    $default  reduce using rule 62 (type2)


State 298

   61 type2: type1 '[' expr • ']'
   90 expr: expr • '[' expr ']'
   91     | expr • '.' tok_id
   95     | expr • '(' optexprlist ')'
   97     | expr • '+' expr
   98     | expr • '-' expr
   99     | expr • '*' expr
  100     | expr • '/' expr
  101     | expr • '%' expr
  103     | expr • '&' expr
  104     | expr • '|' expr
  105     | expr • '^' expr
  106     | expr • TOK_LSHIFT expr
  107     | expr • TOK_RSHIFT expr
  108     | expr • TOK_EQUAL expr
  109     | expr • TOK_NEQ expr
  110     | expr • TOK_GE expr
  111     | expr • TOK_LE expr
  112     | expr • '>' expr
  113     | expr • '<' expr
  115     | expr • TOK_AND expr
  116     | expr • TOK_OR expr
  117     | expr • '?' expr ':' expr

    '?'         shift, and go to state 154
    TOK_OR      shift, and go to state 155
    TOK_AND     shift, and go to state 156
    TOK_EQUAL   shift, and go to state 157
    TOK_NEQ     shift, and go to state 158
    TOK_LE      shift, and go to state 159
    TOK_GE      shift, and go to state 160
    '<'         shift, and go to state 161
    '>'         shift, and go to state 162
    '&'         shift, and go to state 163
    '|'         shift, and go to state 164
    '^'         shift, and go to state 165
    TOK_LSHIFT  shift, and go to state 166
    TOK_RSHIFT  shift, and go to state 167
    '+'         shift, and go to state 168
    '-'         shift, and go to state 169
    '*'         shift, and go to state 170
    '/'         shift, and go to state 171
    '%'         shift, and go to state 172
    '('         shift, and go to state 173
    '['         shift, and go to state 174
    ']'         shift, and go to state 336
    '.'         shift, and go to state 175


State 299

   43 funcproto: tok_id '(' paramlist ')' ':' type2 •

    $default  reduce using rule 43 (funcproto)


State 300

  126 caseexpr: TOK_DEFAULT • TOK_RIGHTARROW expr

    TOK_RIGHTARROW  shift, and go to state 337


State 301

   23 decl_with_attr: TOK_REFINE TOK_CASEFUNC tok_id TOK_PLUSEQ '{' caseexprlist '}' •

    $default  reduce using rule 23 (decl_with_attr)


State 302

   86 exprlist: exprlist • ',' expr
  125 caseexpr: exprlist • TOK_RIGHTARROW expr

    TOK_RIGHTARROW  shift, and go to state 338
    ','             shift, and go to state 252


State 303

  124 caseexprlist: caseexprlist caseexpr • ';'

    ';'  shift, and go to state 339


State 304

   83 casefield0: TOK_DEFAULT • TOK_RIGHTARROW tok_id ':' type2

    TOK_RIGHTARROW  shift, and go to state 340


State 305

   22 decl_with_attr: TOK_REFINE TOK_CASETYPE tok_id TOK_PLUSEQ '{' casefieldlist '}' •

    $default  reduce using rule 22 (decl_with_attr)


State 306

   79 casefieldlist: casefieldlist casefield • ';'

    ';'  shift, and go to state 341


State 307

   81 casefield: casefield0 • optattrs

    TOK_ATTR_BYTEORDER         shift, and go to state 45
    TOK_ATTR_CHECK             shift, and go to state 46
    TOK_ATTR_CHUNKED           shift, and go to state 47
    TOK_ATTR_ENFORCE           shift, and go to state 48
    TOK_ATTR_EXPORTSOURCEDATA  shift, and go to state 49
    TOK_ATTR_IF                shift, and go to state 50
    TOK_ATTR_LENGTH            shift, and go to state 51
    TOK_ATTR_LET               shift, and go to state 52
    TOK_ATTR_LINEBREAKER       shift, and go to state 53
    TOK_ATTR_MULTILINE         shift, and go to state 54
    TOK_ATTR_ONELINE           shift, and go to state 55
    TOK_ATTR_REFCOUNT          shift, and go to state 56
    TOK_ATTR_REQUIRES          shift, and go to state 57
    TOK_ATTR_RESTOFDATA        shift, and go to state 58
    TOK_ATTR_RESTOFFLOW        shift, and go to state 59
    TOK_ATTR_TRANSIENT         shift, and go to state 60
    TOK_ATTR_UNTIL             shift, and go to state 61

    $default  reduce using rule 168 (optattrs)

    optattrs  go to state 342
    attrlist  go to state 63
    attr      go to state 64


State 308

   82 casefield0: exprlist • TOK_RIGHTARROW tok_id ':' type2
   86 exprlist: exprlist • ',' expr

    TOK_RIGHTARROW  shift, and go to state 343
    ','             shift, and go to state 252


State 309

  143 sah: TOK_FUNCTION • function

    TOK_TYPE        shift, and go to state 18
    TOK_FUNCTION    shift, and go to state 19
    TOK_ID          shift, and go to state 20
    TOK_ANALYZER    shift, and go to state 21
    TOK_CONNECTION  shift, and go to state 22
    TOK_FLOW        shift, and go to state 23

    tok_id     go to state 27
    funcproto  go to state 28
    function   go to state 344


State 310

  144 sah: TOK_STATE • '{' statevarlist '}'

    '{'  shift, and go to state 345


State 311

  145 sah: TOK_ACTION • tok_id TOK_WHEN '(' actionparam ')' TOK_LPB embedded_code TOK_RPB

    TOK_TYPE        shift, and go to state 18
    TOK_FUNCTION    shift, and go to state 19
    TOK_ID          shift, and go to state 20
    TOK_ANALYZER    shift, and go to state 21
    TOK_CONNECTION  shift, and go to state 22
    TOK_FLOW        shift, and go to state 23

    tok_id  go to state 346


State 312

  142 sah: TOK_DATAUNIT • '=' tok_id optargs TOK_WITHCONTEXT '(' optexprlist ')' ';'

    '='  shift, and go to state 347


State 313

  141 sah: TOK_FLOWDIR • '=' tok_id optargs ';'

    '='  shift, and go to state 348


State 314

  137 sah: TOK_LPB_MEMBER • embedded_code TOK_RPB

    $default  reduce using rule 152 (embedded_code)

    embedded_code  go to state 349


State 315

  138 sah: TOK_LPB_INIT • embedded_code TOK_RPB

    $default  reduce using rule 152 (embedded_code)

    embedded_code  go to state 350


State 316

  139 sah: TOK_LPB_CLEANUP • embedded_code TOK_RPB

    $default  reduce using rule 152 (embedded_code)

    embedded_code  go to state 351


State 317

  140 sah: TOK_LPB_EOF • embedded_code TOK_RPB

    $default  reduce using rule 152 (embedded_code)

    embedded_code  go to state 352


State 318

   24 decl_with_attr: TOK_REFINE TOK_ANALYZER tok_id TOK_PLUSEQ '{' sahlist '}' •

    $default  reduce using rule 24 (decl_with_attr)


State 319

  136 sahlist: sahlist sah •

    $default  reduce using rule 136 (sahlist)


State 320

   25 decl_with_attr: TOK_REFINE TOK_CONNECTION tok_id TOK_PLUSEQ '{' sahlist '}' •

    $default  reduce using rule 25 (decl_with_attr)


State 321

   26 decl_with_attr: TOK_REFINE TOK_FLOW tok_id TOK_PLUSEQ '{' sahlist '}' •

    $default  reduce using rule 26 (decl_with_attr)


State 322

   39 analyzercontext: '{' contextfieldlist '}' •

    $default  reduce using rule 39 (analyzercontext)


State 323

   42 contextfield: tok_id • ':' type1

    ':'  shift, and go to state 353


State 324

   40 contextfieldlist: contextfieldlist contextfield • ';'

    ';'  shift, and go to state 354


State 325

   17 decl_with_attr: TOK_ANALYZER tok_id $@6 optparams '{' conn '}' •

    $default  reduce using rule 17 (decl_with_attr)


State 326

   19 decl_with_attr: TOK_CONNECTION tok_id $@7 optparams '{' conn '}' •

    $default  reduce using rule 19 (decl_with_attr)


State 327

   21 decl_with_attr: TOK_FLOW tok_id $@8 optparams '{' flow '}' •

    $default  reduce using rule 21 (decl_with_attr)


State 328

  159 embedded_pac_primitive: TOK_PAC_CONST_DEF tok_id '=' expr TOK_END_PAC •

    $default  reduce using rule 159 (embedded_pac_primitive)


State 329

  118 expr: TOK_CASE expr TOK_OF '{' caseexprlist • '}'
  124 caseexprlist: caseexprlist • caseexpr ';'

    TOK_TYPE        shift, and go to state 18
    TOK_CASE        shift, and go to state 94
    TOK_FUNCTION    shift, and go to state 19
    TOK_DEFAULT     shift, and go to state 300
    TOK_ID          shift, and go to state 20
    TOK_NUMBER      shift, and go to state 95
    TOK_STRING      shift, and go to state 96
    TOK_BEGIN_RE    shift, and go to state 97
    TOK_ANALYZER    shift, and go to state 21
    TOK_CONNECTION  shift, and go to state 22
    TOK_FLOW        shift, and go to state 23
    '-'             shift, and go to state 98
    '~'             shift, and go to state 99
    '!'             shift, and go to state 100
    TOK_SIZEOF      shift, and go to state 101
    TOK_OFFSETOF    shift, and go to state 102
    '('             shift, and go to state 103
    '}'             shift, and go to state 355

    tok_id    go to state 104
    exprlist  go to state 302
    expr      go to state 183
    cstr      go to state 106
    regex     go to state 107
    caseexpr  go to state 303


State 330

   90 expr: expr • '[' expr ']'
   91     | expr • '.' tok_id
   95     | expr • '(' optexprlist ')'
   97     | expr • '+' expr
   98     | expr • '-' expr
   99     | expr • '*' expr
  100     | expr • '/' expr
  101     | expr • '%' expr
  103     | expr • '&' expr
  104     | expr • '|' expr
  105     | expr • '^' expr
  106     | expr • TOK_LSHIFT expr
  107     | expr • TOK_RSHIFT expr
  108     | expr • TOK_EQUAL expr
  109     | expr • TOK_NEQ expr
  110     | expr • TOK_GE expr
  111     | expr • TOK_LE expr
  112     | expr • '>' expr
  113     | expr • '<' expr
  115     | expr • TOK_AND expr
  116     | expr • TOK_OR expr
  117     | expr • '?' expr ':' expr
  117     | expr '?' expr ':' expr •

    TOK_OR      shift, and go to state 155
    TOK_AND     shift, and go to state 156
    TOK_EQUAL   shift, and go to state 157
    TOK_NEQ     shift, and go to state 158
    TOK_LE      shift, and go to state 159
    TOK_GE      shift, and go to state 160
    '<'         shift, and go to state 161
    '>'         shift, and go to state 162
    '&'         shift, and go to state 163
    '|'         shift, and go to state 164
    '^'         shift, and go to state 165
    TOK_LSHIFT  shift, and go to state 166
    TOK_RSHIFT  shift, and go to state 167
    '+'         shift, and go to state 168
    '-'         shift, and go to state 169
    '*'         shift, and go to state 170
    '/'         shift, and go to state 171
    '%'         shift, and go to state 172
    '('         shift, and go to state 173
    '['         shift, and go to state 174
    '.'         shift, and go to state 175

    $default  reduce using rule 117 (expr)


State 331

   60 type2: type1 •
   61      | type1 • '[' expr ']'
   62      | type1 • '[' ']'
  166 withinputfield: tok_id ':' type1 • TOK_WITHINPUT input optattrs

    TOK_WITHINPUT  shift, and go to state 356
    '['            shift, and go to state 264

    $default  reduce using rule 60 (type2)


State 332

  165 letfield: tok_id opttype optinit • optattrs

    TOK_ATTR_BYTEORDER         shift, and go to state 45
    TOK_ATTR_CHECK             shift, and go to state 46
    TOK_ATTR_CHUNKED           shift, and go to state 47
    TOK_ATTR_ENFORCE           shift, and go to state 48
    TOK_ATTR_EXPORTSOURCEDATA  shift, and go to state 49
    TOK_ATTR_IF                shift, and go to state 50
    TOK_ATTR_LENGTH            shift, and go to state 51
    TOK_ATTR_LET               shift, and go to state 52
    TOK_ATTR_LINEBREAKER       shift, and go to state 53
    TOK_ATTR_MULTILINE         shift, and go to state 54
    TOK_ATTR_ONELINE           shift, and go to state 55
    TOK_ATTR_REFCOUNT          shift, and go to state 56
    TOK_ATTR_REQUIRES          shift, and go to state 57
    TOK_ATTR_RESTOFDATA        shift, and go to state 58
    TOK_ATTR_RESTOFFLOW        shift, and go to state 59
    TOK_ATTR_TRANSIENT         shift, and go to state 60
    TOK_ATTR_UNTIL             shift, and go to state 61

    $default  reduce using rule 168 (optattrs)

    optattrs  go to state 357
    attrlist  go to state 63
    attr      go to state 64


State 333

   59 type3: TOK_RECORD '{' recordfieldlist • '}'
   68 recordfieldlist: recordfieldlist • recordfield ';'

    TOK_TYPE        shift, and go to state 18
    TOK_FUNCTION    shift, and go to state 19
    TOK_ID          shift, and go to state 20
    TOK_ANALYZER    shift, and go to state 21
    TOK_CONNECTION  shift, and go to state 22
    TOK_FLOW        shift, and go to state 23
    ':'             shift, and go to state 358
    '}'             shift, and go to state 359

    tok_id        go to state 360
    recordfield   go to state 361
    recordfield0  go to state 362
    padding       go to state 363
    optfieldid    go to state 364


State 334

   63 type2: TOK_CASE caseindex TOK_OF '{' • casefieldlist '}'

    $default  reduce using rule 80 (casefieldlist)

    casefieldlist  go to state 365


State 335

   65 type1: tok_id '(' exprlist ')' •

    $default  reduce using rule 65 (type1)


State 336

   61 type2: type1 '[' expr ']' •

    $default  reduce using rule 61 (type2)


State 337

  126 caseexpr: TOK_DEFAULT TOK_RIGHTARROW • expr

    TOK_TYPE        shift, and go to state 18
    TOK_CASE        shift, and go to state 94
    TOK_FUNCTION    shift, and go to state 19
    TOK_ID          shift, and go to state 20
    TOK_NUMBER      shift, and go to state 95
    TOK_STRING      shift, and go to state 96
    TOK_BEGIN_RE    shift, and go to state 97
    TOK_ANALYZER    shift, and go to state 21
    TOK_CONNECTION  shift, and go to state 22
    TOK_FLOW        shift, and go to state 23
    '-'             shift, and go to state 98
    '~'             shift, and go to state 99
    '!'             shift, and go to state 100
    TOK_SIZEOF      shift, and go to state 101
    TOK_OFFSETOF    shift, and go to state 102
    '('             shift, and go to state 103

    tok_id  go to state 104
    expr    go to state 366
    cstr    go to state 106
    regex   go to state 107


State 338

  125 caseexpr: exprlist TOK_RIGHTARROW • expr

    TOK_TYPE        shift, and go to state 18
    TOK_CASE        shift, and go to state 94
    TOK_FUNCTION    shift, and go to state 19
    TOK_ID          shift, and go to state 20
    TOK_NUMBER      shift, and go to state 95
    TOK_STRING      shift, and go to state 96
    TOK_BEGIN_RE    shift, and go to state 97
    TOK_ANALYZER    shift, and go to state 21
    TOK_CONNECTION  shift, and go to state 22
    TOK_FLOW        shift, and go to state 23
    '-'             shift, and go to state 98
    '~'             shift, and go to state 99
    '!'             shift, and go to state 100
    TOK_SIZEOF      shift, and go to state 101
    TOK_OFFSETOF    shift, and go to state 102
    '('             shift, and go to state 103

    tok_id  go to state 104
    expr    go to state 367
    cstr    go to state 106
    regex   go to state 107


State 339

  124 caseexprlist: caseexprlist caseexpr ';' •

    $default  reduce using rule 124 (caseexprlist)


State 340

   83 casefield0: TOK_DEFAULT TOK_RIGHTARROW • tok_id ':' type2

    TOK_TYPE        shift, and go to state 18
    TOK_FUNCTION    shift, and go to state 19
    TOK_ID          shift, and go to state 20
    TOK_ANALYZER    shift, and go to state 21
    TOK_CONNECTION  shift, and go to state 22
    TOK_FLOW        shift, and go to state 23

    tok_id  go to state 368


State 341

   79 casefieldlist: casefieldlist casefield ';' •

    $default  reduce using rule 79 (casefieldlist)


State 342

   81 casefield: casefield0 optattrs •

    $default  reduce using rule 81 (casefield)


State 343

   82 casefield0: exprlist TOK_RIGHTARROW • tok_id ':' type2

    TOK_TYPE        shift, and go to state 18
    TOK_FUNCTION    shift, and go to state 19
    TOK_ID          shift, and go to state 20
    TOK_ANALYZER    shift, and go to state 21
    TOK_CONNECTION  shift, and go to state 22
    TOK_FLOW        shift, and go to state 23

    tok_id  go to state 369


State 344

  143 sah: TOK_FUNCTION function •

    $default  reduce using rule 143 (sah)


State 345

  144 sah: TOK_STATE '{' • statevarlist '}'

    $default  reduce using rule 146 (statevarlist)

    statevarlist  go to state 370


State 346

  145 sah: TOK_ACTION tok_id • TOK_WHEN '(' actionparam ')' TOK_LPB embedded_code TOK_RPB

    TOK_WHEN  shift, and go to state 371


State 347

  142 sah: TOK_DATAUNIT '=' • tok_id optargs TOK_WITHCONTEXT '(' optexprlist ')' ';'

    TOK_TYPE        shift, and go to state 18
    TOK_FUNCTION    shift, and go to state 19
    TOK_ID          shift, and go to state 20
    TOK_ANALYZER    shift, and go to state 21
    TOK_CONNECTION  shift, and go to state 22
    TOK_FLOW        shift, and go to state 23

    tok_id  go to state 372


State 348

  141 sah: TOK_FLOWDIR '=' • tok_id optargs ';'

    TOK_TYPE        shift, and go to state 18
    TOK_FUNCTION    shift, and go to state 19
    TOK_ID          shift, and go to state 20
    TOK_ANALYZER    shift, and go to state 21
    TOK_CONNECTION  shift, and go to state 22
    TOK_FLOW        shift, and go to state 23

    tok_id  go to state 373


State 349

  137 sah: TOK_LPB_MEMBER embedded_code • TOK_RPB
  153 embedded_code: embedded_code • TOK_EMBEDDED_ATOM
  154              | embedded_code • TOK_EMBEDDED_STRING
  155              | embedded_code • embedded_pac_primitive

    TOK_RPB              shift, and go to state 374
    TOK_EMBEDDED_ATOM    shift, and go to state 83
    TOK_EMBEDDED_STRING  shift, and go to state 84
    TOK_PAC_VAL          shift, and go to state 85
    TOK_PAC_SET          shift, and go to state 86
    TOK_PAC_TYPE         shift, and go to state 87
    TOK_PAC_CONST_DEF    shift, and go to state 88

    embedded_pac_primitive  go to state 89


State 350

  138 sah: TOK_LPB_INIT embedded_code • TOK_RPB
  153 embedded_code: embedded_code • TOK_EMBEDDED_ATOM
  154              | embedded_code • TOK_EMBEDDED_STRING
  155              | embedded_code • embedded_pac_primitive

    TOK_RPB              shift, and go to state 375
    TOK_EMBEDDED_ATOM    shift, and go to state 83
    TOK_EMBEDDED_STRING  shift, and go to state 84
    TOK_PAC_VAL          shift, and go to state 85
    TOK_PAC_SET          shift, and go to state 86
    TOK_PAC_TYPE         shift, and go to state 87
    TOK_PAC_CONST_DEF    shift, and go to state 88

    embedded_pac_primitive  go to state 89


State 351

  139 sah: TOK_LPB_CLEANUP embedded_code • TOK_RPB
  153 embedded_code: embedded_code • TOK_EMBEDDED_ATOM
  154              | embedded_code • TOK_EMBEDDED_STRING
  155              | embedded_code • embedded_pac_primitive

    TOK_RPB              shift, and go to state 376
    TOK_EMBEDDED_ATOM    shift, and go to state 83
    TOK_EMBEDDED_STRING  shift, and go to state 84
    TOK_PAC_VAL          shift, and go to state 85
    TOK_PAC_SET          shift, and go to state 86
    TOK_PAC_TYPE         shift, and go to state 87
    TOK_PAC_CONST_DEF    shift, and go to state 88

    embedded_pac_primitive  go to state 89


State 352

  140 sah: TOK_LPB_EOF embedded_code • TOK_RPB
  153 embedded_code: embedded_code • TOK_EMBEDDED_ATOM
  154              | embedded_code • TOK_EMBEDDED_STRING
  155              | embedded_code • embedded_pac_primitive

    TOK_RPB              shift, and go to state 377
    TOK_EMBEDDED_ATOM    shift, and go to state 83
    TOK_EMBEDDED_STRING  shift, and go to state 84
    TOK_PAC_VAL          shift, and go to state 85
    TOK_PAC_SET          shift, and go to state 86
    TOK_PAC_TYPE         shift, and go to state 87
    TOK_PAC_CONST_DEF    shift, and go to state 88

    embedded_pac_primitive  go to state 89


State 353

   42 contextfield: tok_id ':' • type1

    TOK_TYPE        shift, and go to state 18
    TOK_FUNCTION    shift, and go to state 19
    TOK_ID          shift, and go to state 20
    TOK_STRING      shift, and go to state 96
    TOK_BEGIN_RE    shift, and go to state 97
    TOK_ANALYZER    shift, and go to state 21
    TOK_CONNECTION  shift, and go to state 22
    TOK_FLOW        shift, and go to state 23

    tok_id  go to state 192
    type1   go to state 378
    cstr    go to state 195
    regex   go to state 196


State 354

   40 contextfieldlist: contextfieldlist contextfield ';' •

    $default  reduce using rule 40 (contextfieldlist)


State 355

  118 expr: TOK_CASE expr TOK_OF '{' caseexprlist '}' •

    $default  reduce using rule 118 (expr)


State 356

  166 withinputfield: tok_id ':' type1 TOK_WITHINPUT • input optattrs

    TOK_TYPE        shift, and go to state 18
    TOK_CASE        shift, and go to state 94
    TOK_FUNCTION    shift, and go to state 19
    TOK_ID          shift, and go to state 20
    TOK_NUMBER      shift, and go to state 95
    TOK_STRING      shift, and go to state 96
    TOK_BEGIN_RE    shift, and go to state 97
    TOK_ANALYZER    shift, and go to state 21
    TOK_CONNECTION  shift, and go to state 22
    TOK_FLOW        shift, and go to state 23
    '-'             shift, and go to state 98
    '~'             shift, and go to state 99
    '!'             shift, and go to state 100
    TOK_SIZEOF      shift, and go to state 101
    TOK_OFFSETOF    shift, and go to state 102
    '('             shift, and go to state 103

    tok_id  go to state 104
    expr    go to state 379
    cstr    go to state 106
    regex   go to state 107
    input   go to state 380


State 357

  165 letfield: tok_id opttype optinit optattrs •

    $default  reduce using rule 165 (letfield)


State 358

   77 optfieldid: ':' •

    $default  reduce using rule 77 (optfieldid)


State 359

   59 type3: TOK_RECORD '{' recordfieldlist '}' •

    $default  reduce using rule 59 (type3)


State 360

   76 optfieldid: tok_id • ':'

    ':'  shift, and go to state 381


State 361

   68 recordfieldlist: recordfieldlist recordfield • ';'

    ';'  shift, and go to state 382


State 362

   70 recordfield: recordfield0 • optattrs

    TOK_ATTR_BYTEORDER         shift, and go to state 45
    TOK_ATTR_CHECK             shift, and go to state 46
    TOK_ATTR_CHUNKED           shift, and go to state 47
    TOK_ATTR_ENFORCE           shift, and go to state 48
    TOK_ATTR_EXPORTSOURCEDATA  shift, and go to state 49
    TOK_ATTR_IF                shift, and go to state 50
    TOK_ATTR_LENGTH            shift, and go to state 51
    TOK_ATTR_LET               shift, and go to state 52
    TOK_ATTR_LINEBREAKER       shift, and go to state 53
    TOK_ATTR_MULTILINE         shift, and go to state 54
    TOK_ATTR_ONELINE           shift, and go to state 55
    TOK_ATTR_REFCOUNT          shift, and go to state 56
    TOK_ATTR_REQUIRES          shift, and go to state 57
    TOK_ATTR_RESTOFDATA        shift, and go to state 58
    TOK_ATTR_RESTOFFLOW        shift, and go to state 59
    TOK_ATTR_TRANSIENT         shift, and go to state 60
    TOK_ATTR_UNTIL             shift, and go to state 61

    $default  reduce using rule 168 (optattrs)

    optattrs  go to state 383
    attrlist  go to state 63
    attr      go to state 64


State 363

   72 recordfield0: padding •

    $default  reduce using rule 72 (recordfield0)


State 364

   71 recordfield0: optfieldid • type2
   73 padding: optfieldid • TOK_PADDING '[' expr ']'
   74        | optfieldid • TOK_PADDING TOK_TO expr
   75        | optfieldid • TOK_PADDING TOK_ALIGN expr

    TOK_TYPE        shift, and go to state 18
    TOK_CASE        shift, and go to state 191
    TOK_FUNCTION    shift, and go to state 19
    TOK_PADDING     shift, and go to state 384
    TOK_ID          shift, and go to state 20
    TOK_STRING      shift, and go to state 96
    TOK_BEGIN_RE    shift, and go to state 97
    TOK_ANALYZER    shift, and go to state 21
    TOK_CONNECTION  shift, and go to state 22
    TOK_FLOW        shift, and go to state 23

    tok_id  go to state 192
    type2   go to state 385
    type1   go to state 194
    cstr    go to state 195
    regex   go to state 196


State 365

   63 type2: TOK_CASE caseindex TOK_OF '{' casefieldlist • '}'
   79 casefieldlist: casefieldlist • casefield ';'

    TOK_TYPE        shift, and go to state 18
    TOK_CASE        shift, and go to state 94
    TOK_FUNCTION    shift, and go to state 19
    TOK_DEFAULT     shift, and go to state 304
    TOK_ID          shift, and go to state 20
    TOK_NUMBER      shift, and go to state 95
    TOK_STRING      shift, and go to state 96
    TOK_BEGIN_RE    shift, and go to state 97
    TOK_ANALYZER    shift, and go to state 21
    TOK_CONNECTION  shift, and go to state 22
    TOK_FLOW        shift, and go to state 23
    '-'             shift, and go to state 98
    '~'             shift, and go to state 99
    '!'             shift, and go to state 100
    TOK_SIZEOF      shift, and go to state 101
    TOK_OFFSETOF    shift, and go to state 102
    '('             shift, and go to state 103
    '}'             shift, and go to state 386

    tok_id      go to state 104
    casefield   go to state 306
    casefield0  go to state 307
    exprlist    go to state 308
    expr        go to state 183
    cstr        go to state 106
    regex       go to state 107


State 366

   90 expr: expr • '[' expr ']'
   91     | expr • '.' tok_id
   95     | expr • '(' optexprlist ')'
   97     | expr • '+' expr
   98     | expr • '-' expr
   99     | expr • '*' expr
  100     | expr • '/' expr
  101     | expr • '%' expr
  103     | expr • '&' expr
  104     | expr • '|' expr
  105     | expr • '^' expr
  106     | expr • TOK_LSHIFT expr
  107     | expr • TOK_RSHIFT expr
  108     | expr • TOK_EQUAL expr
  109     | expr • TOK_NEQ expr
  110     | expr • TOK_GE expr
  111     | expr • TOK_LE expr
  112     | expr • '>' expr
  113     | expr • '<' expr
  115     | expr • TOK_AND expr
  116     | expr • TOK_OR expr
  117     | expr • '?' expr ':' expr
  126 caseexpr: TOK_DEFAULT TOK_RIGHTARROW expr •

    '?'         shift, and go to state 154
    TOK_OR      shift, and go to state 155
    TOK_AND     shift, and go to state 156
    TOK_EQUAL   shift, and go to state 157
    TOK_NEQ     shift, and go to state 158
    TOK_LE      shift, and go to state 159
    TOK_GE      shift, and go to state 160
    '<'         shift, and go to state 161
    '>'         shift, and go to state 162
    '&'         shift, and go to state 163
    '|'         shift, and go to state 164
    '^'         shift, and go to state 165
    TOK_LSHIFT  shift, and go to state 166
    TOK_RSHIFT  shift, and go to state 167
    '+'         shift, and go to state 168
    '-'         shift, and go to state 169
    '*'         shift, and go to state 170
    '/'         shift, and go to state 171
    '%'         shift, and go to state 172
    '('         shift, and go to state 173
    '['         shift, and go to state 174
    '.'         shift, and go to state 175

    $default  reduce using rule 126 (caseexpr)


State 367

   90 expr: expr • '[' expr ']'
   91     | expr • '.' tok_id
   95     | expr • '(' optexprlist ')'
   97     | expr • '+' expr
   98     | expr • '-' expr
   99     | expr • '*' expr
  100     | expr • '/' expr
  101     | expr • '%' expr
  103     | expr • '&' expr
  104     | expr • '|' expr
  105     | expr • '^' expr
  106     | expr • TOK_LSHIFT expr
  107     | expr • TOK_RSHIFT expr
  108     | expr • TOK_EQUAL expr
  109     | expr • TOK_NEQ expr
  110     | expr • TOK_GE expr
  111     | expr • TOK_LE expr
  112     | expr • '>' expr
  113     | expr • '<' expr
  115     | expr • TOK_AND expr
  116     | expr • TOK_OR expr
  117     | expr • '?' expr ':' expr
  125 caseexpr: exprlist TOK_RIGHTARROW expr •

    '?'         shift, and go to state 154
    TOK_OR      shift, and go to state 155
    TOK_AND     shift, and go to state 156
    TOK_EQUAL   shift, and go to state 157
    TOK_NEQ     shift, and go to state 158
    TOK_LE      shift, and go to state 159
    TOK_GE      shift, and go to state 160
    '<'         shift, and go to state 161
    '>'         shift, and go to state 162
    '&'         shift, and go to state 163
    '|'         shift, and go to state 164
    '^'         shift, and go to state 165
    TOK_LSHIFT  shift, and go to state 166
    TOK_RSHIFT  shift, and go to state 167
    '+'         shift, and go to state 168
    '-'         shift, and go to state 169
    '*'         shift, and go to state 170
    '/'         shift, and go to state 171
    '%'         shift, and go to state 172
    '('         shift, and go to state 173
    '['         shift, and go to state 174
    '.'         shift, and go to state 175

    $default  reduce using rule 125 (caseexpr)


State 368

   83 casefield0: TOK_DEFAULT TOK_RIGHTARROW tok_id • ':' type2

    ':'  shift, and go to state 387


State 369

   82 casefield0: exprlist TOK_RIGHTARROW tok_id • ':' type2

    ':'  shift, and go to state 388


State 370

  144 sah: TOK_STATE '{' statevarlist • '}'
  147 statevarlist: statevarlist • statevar ';'

    TOK_TYPE        shift, and go to state 18
    TOK_FUNCTION    shift, and go to state 19
    TOK_ID          shift, and go to state 20
    TOK_ANALYZER    shift, and go to state 21
    TOK_CONNECTION  shift, and go to state 22
    TOK_FLOW        shift, and go to state 23
    '}'             shift, and go to state 389

    tok_id    go to state 390
    statevar  go to state 391


State 371

  145 sah: TOK_ACTION tok_id TOK_WHEN • '(' actionparam ')' TOK_LPB embedded_code TOK_RPB

    '('  shift, and go to state 392


State 372

  142 sah: TOK_DATAUNIT '=' tok_id • optargs TOK_WITHCONTEXT '(' optexprlist ')' ';'

    '('  shift, and go to state 393

    $default  reduce using rule 160 (optargs)

    optargs  go to state 394


State 373

  141 sah: TOK_FLOWDIR '=' tok_id • optargs ';'

    '('  shift, and go to state 393

    $default  reduce using rule 160 (optargs)

    optargs  go to state 395


State 374

  137 sah: TOK_LPB_MEMBER embedded_code TOK_RPB •

    $default  reduce using rule 137 (sah)


State 375

  138 sah: TOK_LPB_INIT embedded_code TOK_RPB •

    $default  reduce using rule 138 (sah)


State 376

  139 sah: TOK_LPB_CLEANUP embedded_code TOK_RPB •

    $default  reduce using rule 139 (sah)


State 377

  140 sah: TOK_LPB_EOF embedded_code TOK_RPB •

    $default  reduce using rule 140 (sah)


State 378

   42 contextfield: tok_id ':' type1 •

    $default  reduce using rule 42 (contextfield)


State 379

   90 expr: expr • '[' expr ']'
   91     | expr • '.' tok_id
   95     | expr • '(' optexprlist ')'
   97     | expr • '+' expr
   98     | expr • '-' expr
   99     | expr • '*' expr
  100     | expr • '/' expr
  101     | expr • '%' expr
  103     | expr • '&' expr
  104     | expr • '|' expr
  105     | expr • '^' expr
  106     | expr • TOK_LSHIFT expr
  107     | expr • TOK_RSHIFT expr
  108     | expr • TOK_EQUAL expr
  109     | expr • TOK_NEQ expr
  110     | expr • TOK_GE expr
  111     | expr • TOK_LE expr
  112     | expr • '>' expr
  113     | expr • '<' expr
  115     | expr • TOK_AND expr
  116     | expr • TOK_OR expr
  117     | expr • '?' expr ':' expr
  167 input: expr •

    '?'         shift, and go to state 154
    TOK_OR      shift, and go to state 155
    TOK_AND     shift, and go to state 156
    TOK_EQUAL   shift, and go to state 157
    TOK_NEQ     shift, and go to state 158
    TOK_LE      shift, and go to state 159
    TOK_GE      shift, and go to state 160
    '<'         shift, and go to state 161
    '>'         shift, and go to state 162
    '&'         shift, and go to state 163
    '|'         shift, and go to state 164
    '^'         shift, and go to state 165
    TOK_LSHIFT  shift, and go to state 166
    TOK_RSHIFT  shift, and go to state 167
    '+'         shift, and go to state 168
    '-'         shift, and go to state 169
    '*'         shift, and go to state 170
    '/'         shift, and go to state 171
    '%'         shift, and go to state 172
    '('         shift, and go to state 173
    '['         shift, and go to state 174
    '.'         shift, and go to state 175

    $default  reduce using rule 167 (input)


State 380

  166 withinputfield: tok_id ':' type1 TOK_WITHINPUT input • optattrs

    TOK_ATTR_BYTEORDER         shift, and go to state 45
    TOK_ATTR_CHECK             shift, and go to state 46
    TOK_ATTR_CHUNKED           shift, and go to state 47
    TOK_ATTR_ENFORCE           shift, and go to state 48
    TOK_ATTR_EXPORTSOURCEDATA  shift, and go to state 49
    TOK_ATTR_IF                shift, and go to state 50
    TOK_ATTR_LENGTH            shift, and go to state 51
    TOK_ATTR_LET               shift, and go to state 52
    TOK_ATTR_LINEBREAKER       shift, and go to state 53
    TOK_ATTR_MULTILINE         shift, and go to state 54
    TOK_ATTR_ONELINE           shift, and go to state 55
    TOK_ATTR_REFCOUNT          shift, and go to state 56
    TOK_ATTR_REQUIRES          shift, and go to state 57
    TOK_ATTR_RESTOFDATA        shift, and go to state 58
    TOK_ATTR_RESTOFFLOW        shift, and go to state 59
    TOK_ATTR_TRANSIENT         shift, and go to state 60
    TOK_ATTR_UNTIL             shift, and go to state 61

    $default  reduce using rule 168 (optattrs)

    optattrs  go to state 396
    attrlist  go to state 63
    attr      go to state 64


State 381

   76 optfieldid: tok_id ':' •

    $default  reduce using rule 76 (optfieldid)


State 382

   68 recordfieldlist: recordfieldlist recordfield ';' •

    $default  reduce using rule 68 (recordfieldlist)


State 383

   70 recordfield: recordfield0 optattrs •

    $default  reduce using rule 70 (recordfield)


State 384

   73 padding: optfieldid TOK_PADDING • '[' expr ']'
   74        | optfieldid TOK_PADDING • TOK_TO expr
   75        | optfieldid TOK_PADDING • TOK_ALIGN expr

    TOK_TO     shift, and go to state 397
    TOK_ALIGN  shift, and go to state 398
    '['        shift, and go to state 399


State 385

   71 recordfield0: optfieldid type2 •

    $default  reduce using rule 71 (recordfield0)


State 386

   63 type2: TOK_CASE caseindex TOK_OF '{' casefieldlist '}' •

    $default  reduce using rule 63 (type2)


State 387

   83 casefield0: TOK_DEFAULT TOK_RIGHTARROW tok_id ':' • type2

    TOK_TYPE        shift, and go to state 18
    TOK_CASE        shift, and go to state 191
    TOK_FUNCTION    shift, and go to state 19
    TOK_ID          shift, and go to state 20
    TOK_STRING      shift, and go to state 96
    TOK_BEGIN_RE    shift, and go to state 97
    TOK_ANALYZER    shift, and go to state 21
    TOK_CONNECTION  shift, and go to state 22
    TOK_FLOW        shift, and go to state 23

    tok_id  go to state 192
    type2   go to state 400
    type1   go to state 194
    cstr    go to state 195
    regex   go to state 196


State 388

   82 casefield0: exprlist TOK_RIGHTARROW tok_id ':' • type2

    TOK_TYPE        shift, and go to state 18
    TOK_CASE        shift, and go to state 191
    TOK_FUNCTION    shift, and go to state 19
    TOK_ID          shift, and go to state 20
    TOK_STRING      shift, and go to state 96
    TOK_BEGIN_RE    shift, and go to state 97
    TOK_ANALYZER    shift, and go to state 21
    TOK_CONNECTION  shift, and go to state 22
    TOK_FLOW        shift, and go to state 23

    tok_id  go to state 192
    type2   go to state 401
    type1   go to state 194
    cstr    go to state 195
    regex   go to state 196


State 389

  144 sah: TOK_STATE '{' statevarlist '}' •

    $default  reduce using rule 144 (sah)


State 390

  148 statevar: tok_id • ':' type1

    ':'  shift, and go to state 402


State 391

  147 statevarlist: statevarlist statevar • ';'

    ';'  shift, and go to state 403


State 392

  145 sah: TOK_ACTION tok_id TOK_WHEN '(' • actionparam ')' TOK_LPB embedded_code TOK_RPB

    TOK_TYPE        shift, and go to state 18
    TOK_FUNCTION    shift, and go to state 19
    TOK_ID          shift, and go to state 20
    TOK_ANALYZER    shift, and go to state 21
    TOK_CONNECTION  shift, and go to state 22
    TOK_FLOW        shift, and go to state 23

    tok_id       go to state 404
    actionparam  go to state 405


State 393

  161 optargs: '(' • optexprlist ')'

    TOK_TYPE        shift, and go to state 18
    TOK_CASE        shift, and go to state 94
    TOK_FUNCTION    shift, and go to state 19
    TOK_ID          shift, and go to state 20
    TOK_NUMBER      shift, and go to state 95
    TOK_STRING      shift, and go to state 96
    TOK_BEGIN_RE    shift, and go to state 97
    TOK_ANALYZER    shift, and go to state 21
    TOK_CONNECTION  shift, and go to state 22
    TOK_FLOW        shift, and go to state 23
    '-'             shift, and go to state 98
    '~'             shift, and go to state 99
    '!'             shift, and go to state 100
    TOK_SIZEOF      shift, and go to state 101
    TOK_OFFSETOF    shift, and go to state 102
    '('             shift, and go to state 103

    $default  reduce using rule 84 (optexprlist)

    tok_id       go to state 104
    optexprlist  go to state 406
    exprlist     go to state 182
    expr         go to state 183
    cstr         go to state 106
    regex        go to state 107


State 394

  142 sah: TOK_DATAUNIT '=' tok_id optargs • TOK_WITHCONTEXT '(' optexprlist ')' ';'

    TOK_WITHCONTEXT  shift, and go to state 407


State 395

  141 sah: TOK_FLOWDIR '=' tok_id optargs • ';'

    ';'  shift, and go to state 408


State 396

  166 withinputfield: tok_id ':' type1 TOK_WITHINPUT input optattrs •

    $default  reduce using rule 166 (withinputfield)


State 397

   74 padding: optfieldid TOK_PADDING TOK_TO • expr

    TOK_TYPE        shift, and go to state 18
    TOK_CASE        shift, and go to state 94
    TOK_FUNCTION    shift, and go to state 19
    TOK_ID          shift, and go to state 20
    TOK_NUMBER      shift, and go to state 95
    TOK_STRING      shift, and go to state 96
    TOK_BEGIN_RE    shift, and go to state 97
    TOK_ANALYZER    shift, and go to state 21
    TOK_CONNECTION  shift, and go to state 22
    TOK_FLOW        shift, and go to state 23
    '-'             shift, and go to state 98
    '~'             shift, and go to state 99
    '!'             shift, and go to state 100
    TOK_SIZEOF      shift, and go to state 101
    TOK_OFFSETOF    shift, and go to state 102
    '('             shift, and go to state 103

    tok_id  go to state 104
    expr    go to state 409
    cstr    go to state 106
    regex   go to state 107


State 398

   75 padding: optfieldid TOK_PADDING TOK_ALIGN • expr

    TOK_TYPE        shift, and go to state 18
    TOK_CASE        shift, and go to state 94
    TOK_FUNCTION    shift, and go to state 19
    TOK_ID          shift, and go to state 20
    TOK_NUMBER      shift, and go to state 95
    TOK_STRING      shift, and go to state 96
    TOK_BEGIN_RE    shift, and go to state 97
    TOK_ANALYZER    shift, and go to state 21
    TOK_CONNECTION  shift, and go to state 22
    TOK_FLOW        shift, and go to state 23
    '-'             shift, and go to state 98
    '~'             shift, and go to state 99
    '!'             shift, and go to state 100
    TOK_SIZEOF      shift, and go to state 101
    TOK_OFFSETOF    shift, and go to state 102
    '('             shift, and go to state 103

    tok_id  go to state 104
    expr    go to state 410
    cstr    go to state 106
    regex   go to state 107


State 399

   73 padding: optfieldid TOK_PADDING '[' • expr ']'

    TOK_TYPE        shift, and go to state 18
    TOK_CASE        shift, and go to state 94
    TOK_FUNCTION    shift, and go to state 19
    TOK_ID          shift, and go to state 20
    TOK_NUMBER      shift, and go to state 95
    TOK_STRING      shift, and go to state 96
    TOK_BEGIN_RE    shift, and go to state 97
    TOK_ANALYZER    shift, and go to state 21
    TOK_CONNECTION  shift, and go to state 22
    TOK_FLOW        shift, and go to state 23
    '-'             shift, and go to state 98
    '~'             shift, and go to state 99
    '!'             shift, and go to state 100
    TOK_SIZEOF      shift, and go to state 101
    TOK_OFFSETOF    shift, and go to state 102
    '('             shift, and go to state 103

    tok_id  go to state 104
    expr    go to state 411
    cstr    go to state 106
    regex   go to state 107


State 400

   83 casefield0: TOK_DEFAULT TOK_RIGHTARROW tok_id ':' type2 •

    $default  reduce using rule 83 (casefield0)


State 401

   82 casefield0: exprlist TOK_RIGHTARROW tok_id ':' type2 •

    $default  reduce using rule 82 (casefield0)


State 402

  148 statevar: tok_id ':' • type1

    TOK_TYPE        shift, and go to state 18
    TOK_FUNCTION    shift, and go to state 19
    TOK_ID          shift, and go to state 20
    TOK_STRING      shift, and go to state 96
    TOK_BEGIN_RE    shift, and go to state 97
    TOK_ANALYZER    shift, and go to state 21
    TOK_CONNECTION  shift, and go to state 22
    TOK_FLOW        shift, and go to state 23

    tok_id  go to state 192
    type1   go to state 412
    cstr    go to state 195
    regex   go to state 196


State 403

  147 statevarlist: statevarlist statevar ';' •

    $default  reduce using rule 147 (statevarlist)


State 404

  149 actionparam: tok_id • TOK_LE actionparamtype

    TOK_LE  shift, and go to state 413


State 405

  145 sah: TOK_ACTION tok_id TOK_WHEN '(' actionparam • ')' TOK_LPB embedded_code TOK_RPB

    ')'  shift, and go to state 414


State 406

  161 optargs: '(' optexprlist • ')'

    ')'  shift, and go to state 415


State 407

  142 sah: TOK_DATAUNIT '=' tok_id optargs TOK_WITHCONTEXT • '(' optexprlist ')' ';'

    '('  shift, and go to state 416


State 408

  141 sah: TOK_FLOWDIR '=' tok_id optargs ';' •

    $default  reduce using rule 141 (sah)


State 409

   74 padding: optfieldid TOK_PADDING TOK_TO expr •
   90 expr: expr • '[' expr ']'
   91     | expr • '.' tok_id
   95     | expr • '(' optexprlist ')'
   97     | expr • '+' expr
   98     | expr • '-' expr
   99     | expr • '*' expr
  100     | expr • '/' expr
  101     | expr • '%' expr
  103     | expr • '&' expr
  104     | expr • '|' expr
  105     | expr • '^' expr
  106     | expr • TOK_LSHIFT expr
  107     | expr • TOK_RSHIFT expr
  108     | expr • TOK_EQUAL expr
  109     | expr • TOK_NEQ expr
  110     | expr • TOK_GE expr
  111     | expr • TOK_LE expr
  112     | expr • '>' expr
  113     | expr • '<' expr
  115     | expr • TOK_AND expr
  116     | expr • TOK_OR expr
  117     | expr • '?' expr ':' expr

    '?'         shift, and go to state 154
    TOK_OR      shift, and go to state 155
    TOK_AND     shift, and go to state 156
    TOK_EQUAL   shift, and go to state 157
    TOK_NEQ     shift, and go to state 158
    TOK_LE      shift, and go to state 159
    TOK_GE      shift, and go to state 160
    '<'         shift, and go to state 161
    '>'         shift, and go to state 162
    '&'         shift, and go to state 163
    '|'         shift, and go to state 164
    '^'         shift, and go to state 165
    TOK_LSHIFT  shift, and go to state 166
    TOK_RSHIFT  shift, and go to state 167
    '+'         shift, and go to state 168
    '-'         shift, and go to state 169
    '*'         shift, and go to state 170
    '/'         shift, and go to state 171
    '%'         shift, and go to state 172
    '('         shift, and go to state 173
    '['         shift, and go to state 174
    '.'         shift, and go to state 175

    $default  reduce using rule 74 (padding)


State 410

   75 padding: optfieldid TOK_PADDING TOK_ALIGN expr •
   90 expr: expr • '[' expr ']'
   91     | expr • '.' tok_id
   95     | expr • '(' optexprlist ')'
   97     | expr • '+' expr
   98     | expr • '-' expr
   99     | expr • '*' expr
  100     | expr • '/' expr
  101     | expr • '%' expr
  103     | expr • '&' expr
  104     | expr • '|' expr
  105     | expr • '^' expr
  106     | expr • TOK_LSHIFT expr
  107     | expr • TOK_RSHIFT expr
  108     | expr • TOK_EQUAL expr
  109     | expr • TOK_NEQ expr
  110     | expr • TOK_GE expr
  111     | expr • TOK_LE expr
  112     | expr • '>' expr
  113     | expr • '<' expr
  115     | expr • TOK_AND expr
  116     | expr • TOK_OR expr
  117     | expr • '?' expr ':' expr

    '?'         shift, and go to state 154
    TOK_OR      shift, and go to state 155
    TOK_AND     shift, and go to state 156
    TOK_EQUAL   shift, and go to state 157
    TOK_NEQ     shift, and go to state 158
    TOK_LE      shift, and go to state 159
    TOK_GE      shift, and go to state 160
    '<'         shift, and go to state 161
    '>'         shift, and go to state 162
    '&'         shift, and go to state 163
    '|'         shift, and go to state 164
    '^'         shift, and go to state 165
    TOK_LSHIFT  shift, and go to state 166
    TOK_RSHIFT  shift, and go to state 167
    '+'         shift, and go to state 168
    '-'         shift, and go to state 169
    '*'         shift, and go to state 170
    '/'         shift, and go to state 171
    '%'         shift, and go to state 172
    '('         shift, and go to state 173
    '['         shift, and go to state 174
    '.'         shift, and go to state 175

    $default  reduce using rule 75 (padding)


State 411

   73 padding: optfieldid TOK_PADDING '[' expr • ']'
   90 expr: expr • '[' expr ']'
   91     | expr • '.' tok_id
   95     | expr • '(' optexprlist ')'
   97     | expr • '+' expr
   98     | expr • '-' expr
   99     | expr • '*' expr
  100     | expr • '/' expr
  101     | expr • '%' expr
  103     | expr • '&' expr
  104     | expr • '|' expr
  105     | expr • '^' expr
  106     | expr • TOK_LSHIFT expr
  107     | expr • TOK_RSHIFT expr
  108     | expr • TOK_EQUAL expr
  109     | expr • TOK_NEQ expr
  110     | expr • TOK_GE expr
  111     | expr • TOK_LE expr
  112     | expr • '>' expr
  113     | expr • '<' expr
  115     | expr • TOK_AND expr
  116     | expr • TOK_OR expr
  117     | expr • '?' expr ':' expr

    '?'         shift, and go to state 154
    TOK_OR      shift, and go to state 155
    TOK_AND     shift, and go to state 156
    TOK_EQUAL   shift, and go to state 157
    TOK_NEQ     shift, and go to state 158
    TOK_LE      shift, and go to state 159
    TOK_GE      shift, and go to state 160
    '<'         shift, and go to state 161
    '>'         shift, and go to state 162
    '&'         shift, and go to state 163
    '|'         shift, and go to state 164
    '^'         shift, and go to state 165
    TOK_LSHIFT  shift, and go to state 166
    TOK_RSHIFT  shift, and go to state 167
    '+'         shift, and go to state 168
    '-'         shift, and go to state 169
    '*'         shift, and go to state 170
    '/'         shift, and go to state 171
    '%'         shift, and go to state 172
    '('         shift, and go to state 173
    '['         shift, and go to state 174
    ']'         shift, and go to state 417
    '.'         shift, and go to state 175


State 412

  148 statevar: tok_id ':' type1 •

    $default  reduce using rule 148 (statevar)


State 413

  149 actionparam: tok_id TOK_LE • actionparamtype

    TOK_TYPE        shift, and go to state 18
    TOK_FUNCTION    shift, and go to state 19
    TOK_ID          shift, and go to state 20
    TOK_ANALYZER    shift, and go to state 21
    TOK_CONNECTION  shift, and go to state 22
    TOK_FLOW        shift, and go to state 23

    tok_id           go to state 418
    actionparamtype  go to state 419


State 414

  145 sah: TOK_ACTION tok_id TOK_WHEN '(' actionparam ')' • TOK_LPB embedded_code TOK_RPB

    TOK_LPB  shift, and go to state 420


State 415

  161 optargs: '(' optexprlist ')' •

    $default  reduce using rule 161 (optargs)


State 416

  142 sah: TOK_DATAUNIT '=' tok_id optargs TOK_WITHCONTEXT '(' • optexprlist ')' ';'

    TOK_TYPE        shift, and go to state 18
    TOK_CASE        shift, and go to state 94
    TOK_FUNCTION    shift, and go to state 19
    TOK_ID          shift, and go to state 20
    TOK_NUMBER      shift, and go to state 95
    TOK_STRING      shift, and go to state 96
    TOK_BEGIN_RE    shift, and go to state 97
    TOK_ANALYZER    shift, and go to state 21
    TOK_CONNECTION  shift, and go to state 22
    TOK_FLOW        shift, and go to state 23
    '-'             shift, and go to state 98
    '~'             shift, and go to state 99
    '!'             shift, and go to state 100
    TOK_SIZEOF      shift, and go to state 101
    TOK_OFFSETOF    shift, and go to state 102
    '('             shift, and go to state 103

    $default  reduce using rule 84 (optexprlist)

    tok_id       go to state 104
    optexprlist  go to state 421
    exprlist     go to state 182
    expr         go to state 183
    cstr         go to state 106
    regex        go to state 107


State 417

   73 padding: optfieldid TOK_PADDING '[' expr ']' •

    $default  reduce using rule 73 (padding)


State 418

  150 actionparamtype: tok_id •
  151                | tok_id • '.' tok_id

    '.'  shift, and go to state 422

    $default  reduce using rule 150 (actionparamtype)


State 419

  149 actionparam: tok_id TOK_LE actionparamtype •

    $default  reduce using rule 149 (actionparam)


State 420

  145 sah: TOK_ACTION tok_id TOK_WHEN '(' actionparam ')' TOK_LPB • embedded_code TOK_RPB

    $default  reduce using rule 152 (embedded_code)

    embedded_code  go to state 423


State 421

  142 sah: TOK_DATAUNIT '=' tok_id optargs TOK_WITHCONTEXT '(' optexprlist • ')' ';'

    ')'  shift, and go to state 424


State 422

  151 actionparamtype: tok_id '.' • tok_id

    TOK_TYPE        shift, and go to state 18
    TOK_FUNCTION    shift, and go to state 19
    TOK_ID          shift, and go to state 20
    TOK_ANALYZER    shift, and go to state 21
    TOK_CONNECTION  shift, and go to state 22
    TOK_FLOW        shift, and go to state 23

    tok_id  go to state 425


State 423

  145 sah: TOK_ACTION tok_id TOK_WHEN '(' actionparam ')' TOK_LPB embedded_code • TOK_RPB
  153 embedded_code: embedded_code • TOK_EMBEDDED_ATOM
  154              | embedded_code • TOK_EMBEDDED_STRING
  155              | embedded_code • embedded_pac_primitive

    TOK_RPB              shift, and go to state 426
    TOK_EMBEDDED_ATOM    shift, and go to state 83
    TOK_EMBEDDED_STRING  shift, and go to state 84
    TOK_PAC_VAL          shift, and go to state 85
    TOK_PAC_SET          shift, and go to state 86
    TOK_PAC_TYPE         shift, and go to state 87
    TOK_PAC_CONST_DEF    shift, and go to state 88

    embedded_pac_primitive  go to state 89


State 424

  142 sah: TOK_DATAUNIT '=' tok_id optargs TOK_WITHCONTEXT '(' optexprlist ')' • ';'

    ';'  shift, and go to state 427


State 425

  151 actionparamtype: tok_id '.' tok_id •

    $default  reduce using rule 151 (actionparamtype)


State 426

  145 sah: TOK_ACTION tok_id TOK_WHEN '(' actionparam ')' TOK_LPB embedded_code TOK_RPB •

    $default  reduce using rule 145 (sah)


State 427

  142 sah: TOK_DATAUNIT '=' tok_id optargs TOK_WITHCONTEXT '(' optexprlist ')' ';' •

    $default  reduce using rule 142 (sah)
